pnl,dir,ix,ts,cumul,year
0.37,SHORT,48,2018-05-08 14:00:00,0.37,2018
-0.22,LONG,56,2018-05-09 08:00:00,0.15,2018
0.35,LONG,70,2018-05-10 08:00:00,0.5,2018
0.34,SHORT,99,2018-05-14 09:00:00,0.8400000000000001,2018
-0.23,LONG,101,2018-05-14 11:00:00,0.6100000000000001,2018
-0.24,LONG,112,2018-05-15 08:00:00,0.3700000000000001,2018
-0.25,LONG,121,2018-05-15 17:00:00,0.1200000000000001,2018
0.45,SHORT,134,2018-05-16 16:00:00,0.5700000000000001,2018
0.46,LONG,145,2018-05-17 12:00:00,1.03,2018
-0.33,SHORT,170,2018-05-21 09:00:00,0.7,2018
0.49,SHORT,184,2018-05-22 09:00:00,1.19,2018
-0.31,SHORT,199,2018-05-23 10:00:00,0.8799999999999999,2018
-0.33,SHORT,218,2018-05-24 15:00:00,0.5499999999999998,2018
-0.36,SHORT,229,2018-05-25 12:00:00,0.18999999999999984,2018
-0.35,SHORT,232,2018-05-25 15:00:00,-0.16000000000000014,2018
0.55,SHORT,235,2018-05-28 08:00:00,0.3899999999999999,2018
-0.46,SHORT,249,2018-05-29 08:00:00,-0.07000000000000012,2018
-0.47,SHORT,251,2018-05-29 10:00:00,-0.54,2018
0.85,SHORT,253,2018-05-29 12:00:00,0.30999999999999994,2018
1.14,LONG,284,2018-05-31 15:00:00,1.4499999999999997,2018
-0.15,LONG,309,2018-06-04 12:00:00,1.2999999999999998,2018
-0.59,LONG,342,2018-06-06 16:00:00,0.7099999999999999,2018
0.92,LONG,346,2018-06-07 20:00:00,1.63,2018
-1.08,LONG,384,2018-06-14 13:00:00,0.5499999999999998,2018
-0.72,SHORT,429,2018-06-21 11:00:00,-0.17000000000000015,2018
-0.06,SHORT,470,2018-06-26 08:00:00,-0.23000000000000015,2018
0.59,LONG,486,2018-06-27 10:00:00,0.3599999999999998,2018
0.54,SHORT,514,2018-06-29 10:00:00,0.8999999999999999,2018
0.53,LONG,519,2018-06-29 15:00:00,1.43,2018
0.46,LONG,556,2018-07-04 09:00:00,1.89,2018
-0.28,LONG,572,2018-07-05 10:00:00,1.6099999999999999,2018
-0.18,LONG,601,2018-07-09 10:00:00,1.43,2018
-0.01,LONG,603,2018-07-09 12:00:00,1.42,2018
0.37,LONG,628,2018-07-11 08:00:00,1.79,2018
-0.02,SHORT,630,2018-07-11 10:00:00,1.77,2018
-0.25,SHORT,660,2018-07-13 10:00:00,1.52,2018
0.35,SHORT,679,2018-07-16 15:00:00,1.87,2018
0.34,LONG,701,2018-07-18 09:00:00,2.21,2018
-0.21,SHORT,706,2018-07-18 14:00:00,2.0,2018
-0.2,SHORT,725,2018-07-19 18:00:00,1.8,2018
0.31,SHORT,732,2018-07-20 11:00:00,2.11,2018
-0.09,LONG,738,2018-07-20 17:00:00,2.02,2018
-0.25,LONG,744,2018-07-23 08:00:00,1.77,2018
0.37,LONG,793,2018-07-26 15:00:00,2.14,2018
-0.27,LONG,821,2018-07-30 15:00:00,1.87,2018
-0.28,LONG,847,2018-08-01 13:00:00,1.59,2018
0.42,LONG,859,2018-08-02 11:00:00,2.0100000000000002,2018
-0.26,SHORT,870,2018-08-03 08:00:00,1.7500000000000002,2018
-0.3,SHORT,877,2018-08-03 15:00:00,1.4500000000000002,2018
-0.24,SHORT,927,2018-08-09 09:00:00,1.2100000000000002,2018
-0.23,SHORT,940,2018-08-10 08:00:00,0.9800000000000002,2018
-0.24,SHORT,947,2018-08-10 15:00:00,0.7400000000000002,2018
0.4,LONG,990,2018-08-15 16:00:00,1.1400000000000001,2018
0.07,SHORT,1031,2018-08-20 15:00:00,1.2100000000000002,2018
-0.07,LONG,1041,2018-08-21 11:00:00,1.1400000000000001,2018
-0.22,LONG,1056,2018-08-22 12:00:00,0.9200000000000002,2018
-0.22,LONG,1087,2018-08-24 15:00:00,0.7000000000000002,2018
0.35,LONG,1094,2018-08-27 08:00:00,1.0500000000000003,2018
0.35,SHORT,1096,2018-08-27 10:00:00,1.4000000000000004,2018
-0.02,LONG,1100,2018-08-27 14:00:00,1.3800000000000003,2018
-0.26,LONG,1114,2018-08-28 14:00:00,1.1200000000000003,2018
-0.26,LONG,1129,2018-08-29 15:00:00,0.8600000000000003,2018
0.38,LONG,1142,2018-08-30 14:00:00,1.2400000000000002,2018
-0.26,SHORT,1145,2018-08-30 17:00:00,0.9800000000000002,2018
-0.26,SHORT,1159,2018-08-31 17:00:00,0.7200000000000002,2018
0.32,SHORT,2069,2018-12-03 08:00:00,1.0400000000000003,2018
0.33,LONG,2076,2018-12-03 15:00:00,1.3700000000000003,2018
-0.23,SHORT,2092,2018-12-04 17:00:00,1.1400000000000003,2018
-0.23,SHORT,2094,2018-12-04 19:00:00,0.9100000000000004,2018
-0.24,SHORT,2105,2018-12-05 16:00:00,0.6700000000000004,2018
-0.29,SHORT,2111,2018-12-06 08:00:00,0.3800000000000004,2018
0.42,LONG,2138,2018-12-07 21:00:00,0.8000000000000004,2018
0.44,LONG,2160,2018-12-11 15:00:00,1.2400000000000004,2018
0.45,SHORT,2173,2018-12-12 14:00:00,1.6900000000000004,2018
-0.25,LONG,2176,2018-12-12 17:00:00,1.4400000000000004,2018
0.47,LONG,2197,2018-12-14 10:00:00,1.9100000000000004,2018
0.43,LONG,2223,2018-12-18 08:00:00,2.3400000000000003,2018
-0.27,SHORT,2249,2018-12-19 20:00:00,2.0700000000000003,2018
-0.26,SHORT,2252,2018-12-20 09:00:00,1.8100000000000003,2018
-0.39,SHORT,2307,2019-01-02 08:00:00,1.4200000000000004,2019
-0.27,SHORT,2309,2019-01-02 10:00:00,1.1500000000000004,2019
-0.3,SHORT,2313,2019-01-02 14:00:00,0.8500000000000003,2019
-0.35,LONG,2364,2019-01-08 09:00:00,0.5000000000000003,2019
0.45,LONG,2385,2019-01-09 16:00:00,0.9500000000000004,2019
-0.28,SHORT,2395,2019-01-10 12:00:00,0.6700000000000004,2019
-0.3,SHORT,2412,2019-01-11 15:00:00,0.3700000000000004,2019
-0.3,SHORT,2435,2019-01-15 10:00:00,0.0700000000000004,2019
-0.03,SHORT,2437,2019-01-15 12:00:00,0.040000000000000396,2019
-0.48,LONG,2476,2019-01-18 09:00:00,-0.4399999999999996,2019
0.43,LONG,2483,2019-01-18 16:00:00,-0.00999999999999962,2019
-0.24,SHORT,2514,2019-01-22 19:00:00,-0.2499999999999996,2019
0.35,SHORT,2522,2019-01-23 13:00:00,0.10000000000000037,2019
-0.25,SHORT,2535,2019-01-24 12:00:00,-0.14999999999999963,2019
-0.25,SHORT,2540,2019-01-24 17:00:00,-0.39999999999999963,2019
0.4,LONG,2584,2019-01-29 19:00:00,3.885780586188048e-16,2019
-0.1,SHORT,2586,2019-01-29 21:00:00,-0.09999999999999962,2019
-0.12,SHORT,2595,2019-01-30 16:00:00,-0.2199999999999996,2019
-0.24,SHORT,2610,2019-01-31 17:00:00,-0.45999999999999963,2019
0.38,SHORT,2630,2019-02-04 09:00:00,-0.07999999999999963,2019
-0.24,LONG,2645,2019-02-05 10:00:00,-0.3199999999999996,2019
0.35,LONG,2652,2019-02-05 17:00:00,0.03000000000000036,2019
-0.24,SHORT,2674,2019-02-07 11:00:00,-0.20999999999999963,2019
-0.26,SHORT,2679,2019-02-07 16:00:00,-0.46999999999999964,2019
-0.27,SHORT,2692,2019-02-08 15:00:00,-0.7399999999999997,2019
0.4,SHORT,2705,2019-02-11 14:00:00,-0.33999999999999964,2019
0.38,LONG,2742,2019-02-14 09:00:00,0.04000000000000037,2019
-0.13,SHORT,2783,2019-02-19 08:00:00,-0.08999999999999964,2019
-0.13,SHORT,2785,2019-02-19 10:00:00,-0.21999999999999964,2019
0.34,SHORT,2812,2019-02-21 09:00:00,0.12000000000000038,2019
-0.23,LONG,2816,2019-02-21 13:00:00,-0.10999999999999963,2019
0.37,LONG,2829,2019-02-22 12:00:00,0.26000000000000034,2019
0.36,LONG,2853,2019-02-26 08:00:00,0.6200000000000003,2019
0.34,SHORT,2856,2019-02-26 11:00:00,0.9600000000000004,2019
-0.29,LONG,2887,2019-02-28 14:00:00,0.6700000000000004,2019
0.4,LONG,3474,2019-05-02 13:00:00,1.0700000000000003,2019
0.42,LONG,3490,2019-05-03 15:00:00,1.4900000000000002,2019
-0.3,SHORT,3515,2019-05-07 12:00:00,1.1900000000000002,2019
-0.29,SHORT,3528,2019-05-08 11:00:00,0.9000000000000001,2019
0.0,SHORT,3569,2019-05-13 10:00:00,0.9000000000000001,2019
-0.27,SHORT,3596,2019-05-15 09:00:00,0.6300000000000001,2019
-0.25,SHORT,3598,2019-05-15 11:00:00,0.3800000000000001,2019
-0.26,SHORT,3601,2019-05-15 14:00:00,0.1200000000000001,2019
0.43,LONG,3628,2019-05-17 13:00:00,0.55,2019
0.44,SHORT,3638,2019-05-20 09:00:00,0.99,2019
-0.01,LONG,3646,2019-05-20 17:00:00,0.98,2019
0.41,LONG,3679,2019-05-23 08:00:00,1.39,2019
-0.27,SHORT,3689,2019-05-23 18:00:00,1.1199999999999999,2019
-0.23,SHORT,3715,2019-05-27 16:00:00,0.8899999999999999,2019
-0.23,SHORT,3723,2019-05-28 10:00:00,0.6599999999999999,2019
-0.23,SHORT,3743,2019-05-29 16:00:00,0.42999999999999994,2019
0.34,LONG,3756,2019-05-30 15:00:00,0.77,2019
-0.22,SHORT,3766,2019-05-31 11:00:00,0.55,2019
-0.25,SHORT,4064,2019-07-01 15:00:00,0.30000000000000004,2019
-0.26,SHORT,4079,2019-07-02 16:00:00,0.040000000000000036,2019
0.42,SHORT,4120,2019-07-05 15:00:00,0.46,2019
0.42,LONG,4127,2019-07-08 08:00:00,0.88,2019
-0.22,LONG,4155,2019-07-10 08:00:00,0.66,2019
-0.29,LONG,4157,2019-07-10 10:00:00,0.37000000000000005,2019
-0.31,LONG,4174,2019-07-11 13:00:00,0.06000000000000005,2019
-0.35,LONG,4180,2019-07-11 19:00:00,-0.2899999999999999,2019
-0.37,SHORT,4204,2019-07-15 15:00:00,-0.6599999999999999,2019
-0.36,SHORT,4213,2019-07-16 10:00:00,-1.02,2019
-0.34,SHORT,4226,2019-07-17 09:00:00,-1.36,2019
-0.33,SHORT,4233,2019-07-17 16:00:00,-1.6900000000000002,2019
-0.31,SHORT,4270,2019-07-22 11:00:00,-2.0,2019
-0.03,SHORT,4272,2019-07-22 13:00:00,-2.03,2019
-0.28,SHORT,4296,2019-07-24 09:00:00,-2.3099999999999996,2019
-0.28,SHORT,4311,2019-07-25 10:00:00,-2.59,2019
0.48,SHORT,4316,2019-07-25 15:00:00,-2.11,2019
0.6,LONG,4323,2019-07-26 08:00:00,-1.5099999999999998,2019
-0.34,SHORT,4370,2019-07-31 13:00:00,-1.8499999999999999,2019
-0.24,SHORT,4373,2019-07-31 16:00:00,-2.09,2019
-0.25,SHORT,4377,2019-07-31 20:00:00,-2.34,2019
0.57,LONG,4702,2019-09-03 09:00:00,-1.77,2019
0.54,SHORT,4708,2019-09-03 15:00:00,-1.23,2019
0.66,LONG,4724,2019-09-04 17:00:00,-0.57,2019
-0.47,LONG,4737,2019-09-05 16:00:00,-1.04,2019
-0.24,LONG,4778,2019-09-10 15:00:00,-1.28,2019
-0.01,LONG,4781,2019-09-10 18:00:00,-1.29,2019
0.72,LONG,4800,2019-09-12 09:00:00,-0.5700000000000001,2019
0.81,SHORT,4806,2019-09-12 15:00:00,0.24,2019
1.0,LONG,4858,2019-09-18 11:00:00,1.24,2019
-0.45,SHORT,4896,2019-09-20 21:00:00,0.79,2019
-0.35,SHORT,4898,2019-09-23 09:00:00,0.44000000000000006,2019
-0.41,SHORT,4919,2019-09-24 16:00:00,0.030000000000000082,2019
0.6,SHORT,4933,2019-09-25 16:00:00,0.6300000000000001,2019
-0.18,LONG,4935,2019-09-25 18:00:00,0.4500000000000001,2019
0.17,LONG,4976,2019-09-30 17:00:00,0.6200000000000001,2019
-0.19,LONG,4983,2019-10-01 10:00:00,0.4300000000000001,2019
0.62,LONG,4989,2019-10-01 16:00:00,1.05,2019
-0.42,SHORT,5017,2019-10-03 16:00:00,0.6300000000000001,2019
-0.38,LONG,5051,2019-10-08 08:00:00,0.2500000000000001,2019
0.46,LONG,5056,2019-10-08 13:00:00,0.7100000000000002,2019
-0.14,LONG,5074,2019-10-09 17:00:00,0.5700000000000002,2019
-0.32,LONG,5082,2019-10-10 11:00:00,0.25000000000000017,2019
-0.33,LONG,5085,2019-10-10 14:00:00,-0.07999999999999985,2019
-0.34,LONG,5087,2019-10-10 16:00:00,-0.4199999999999999,2019
-0.37,LONG,5089,2019-10-10 18:00:00,-0.7899999999999998,2019
-0.43,LONG,5129,2019-10-15 16:00:00,-1.2199999999999998,2019
-0.44,LONG,5142,2019-10-16 15:00:00,-1.6599999999999997,2019
0.69,LONG,5155,2019-10-17 14:00:00,-0.9699999999999998,2019
0.6,LONG,5203,2019-10-22 20:00:00,-0.3699999999999998,2019
-0.34,SHORT,5208,2019-10-23 11:00:00,-0.7099999999999997,2019
0.55,LONG,5227,2019-10-24 16:00:00,-0.1599999999999997,2019
-0.37,LONG,5248,2019-10-28 09:00:00,-0.5299999999999997,2019
-0.37,LONG,5254,2019-10-28 15:00:00,-0.8999999999999997,2019
-0.97,SHORT,5295,2019-10-31 14:00:00,-1.8699999999999997,2019
-0.0,LONG,5312,2019-11-01 17:00:00,-1.8699999999999997,2019
-0.34,LONG,5318,2019-11-04 09:00:00,-2.2099999999999995,2019
-0.35,LONG,5331,2019-11-05 08:00:00,-2.5599999999999996,2019
-0.32,LONG,5339,2019-11-05 16:00:00,-2.8799999999999994,2019
0.45,LONG,5353,2019-11-06 16:00:00,-2.4299999999999993,2019
0.45,SHORT,5362,2019-11-07 11:00:00,-1.9799999999999993,2019
-0.36,LONG,5367,2019-11-07 16:00:00,-2.3399999999999994,2019
0.59,LONG,5387,2019-11-11 08:00:00,-1.7499999999999996,2019
0.57,LONG,5417,2019-11-13 10:00:00,-1.1799999999999997,2019
-0.34,SHORT,5429,2019-11-14 08:00:00,-1.5199999999999998,2019
-0.34,SHORT,5438,2019-11-14 17:00:00,-1.8599999999999999,2019
0.52,SHORT,5460,2019-11-18 11:00:00,-1.3399999999999999,2019
0.46,LONG,5485,2019-11-20 08:00:00,-0.8799999999999999,2019
0.43,SHORT,5493,2019-11-20 16:00:00,-0.4499999999999999,2019
-0.37,LONG,5507,2019-11-21 16:00:00,-0.8199999999999998,2019
-0.22,SHORT,5547,2019-11-26 14:00:00,-1.0399999999999998,2019
0.04,SHORT,5588,2019-11-29 13:00:00,-0.9999999999999998,2019
-0.22,LONG,5597,2019-12-02 08:00:00,-1.2199999999999998,2019
-0.27,LONG,5599,2019-12-02 10:00:00,-1.4899999999999998,2019
-0.3,LONG,5611,2019-12-03 08:00:00,-1.7899999999999998,2019
-0.92,SHORT,5625,2019-12-04 08:00:00,-2.71,2019
0.72,SHORT,5645,2019-12-05 14:00:00,-1.99,2019
0.62,LONG,5698,2019-12-11 11:00:00,-1.37,2019
-0.31,SHORT,5715,2019-12-12 14:00:00,-1.6800000000000002,2019
-0.33,LONG,5718,2019-12-12 17:00:00,-2.0100000000000002,2019
-0.35,LONG,5723,2019-12-13 08:00:00,-2.3600000000000003,2019
0.57,LONG,5730,2019-12-13 15:00:00,-1.7900000000000005,2019
-0.4,LONG,5773,2019-12-18 16:00:00,-2.1900000000000004,2019
-0.34,LONG,5781,2019-12-19 10:00:00,-2.5300000000000002,2019
0.51,LONG,5803,2019-12-20 18:00:00,-2.0200000000000005,2019
0.44,SHORT,5816,2019-12-23 17:00:00,-1.5800000000000005,2019
-0.27,LONG,5837,2019-12-30 10:00:00,-1.8500000000000005,2019
-0.28,LONG,5839,2019-12-30 12:00:00,-2.130000000000001,2019
-0.3,LONG,7614,2020-07-01 11:00:00,-2.4300000000000006,2020
-0.29,LONG,7618,2020-07-01 15:00:00,-2.7200000000000006,2020
0.04,SHORT,7674,2020-07-07 15:00:00,-2.6800000000000006,2020
-0.3,SHORT,7706,2020-07-09 19:00:00,-2.9800000000000004,2020
-0.29,SHORT,7712,2020-07-10 11:00:00,-3.2700000000000005,2020
-0.58,LONG,7728,2020-07-13 13:00:00,-3.8500000000000005,2020
-0.01,LONG,7730,2020-07-13 15:00:00,-3.8600000000000003,2020
0.46,LONG,7744,2020-07-14 15:00:00,-3.4000000000000004,2020
0.47,SHORT,7756,2020-07-15 13:00:00,-2.9300000000000006,2020
-0.24,SHORT,7771,2020-07-16 14:00:00,-3.170000000000001,2020
0.49,SHORT,7788,2020-07-17 17:00:00,-2.6800000000000006,2020
-0.19,LONG,7793,2020-07-20 08:00:00,-2.8700000000000006,2020
0.46,LONG,7799,2020-07-20 14:00:00,-2.4100000000000006,2020
-0.26,SHORT,7825,2020-07-22 12:00:00,-2.670000000000001,2020
0.47,SHORT,7852,2020-07-24 11:00:00,-2.200000000000001,2020
-0.04,LONG,7854,2020-07-24 13:00:00,-2.240000000000001,2020
-0.04,LONG,7856,2020-07-24 15:00:00,-2.280000000000001,2020
0.48,LONG,7866,2020-07-27 11:00:00,-1.8000000000000012,2020
-0.24,SHORT,7879,2020-07-28 10:00:00,-2.040000000000001,2020
-0.31,SHORT,7908,2020-07-30 11:00:00,-2.350000000000001,2020
-0.29,SHORT,7919,2020-07-31 08:00:00,-2.640000000000001,2020
0.46,LONG,7953,2020-08-04 14:00:00,-2.180000000000001,2020
0.49,SHORT,7965,2020-08-05 12:00:00,-1.690000000000001,2020
-0.03,LONG,7975,2020-08-06 08:00:00,-1.720000000000001,2020
-0.17,SHORT,8017,2020-08-11 08:00:00,-1.890000000000001,2020
-0.2,LONG,8021,2020-08-11 12:00:00,-2.090000000000001,2020
-0.34,LONG,8024,2020-08-11 15:00:00,-2.430000000000001,2020
-0.35,LONG,8032,2020-08-12 09:00:00,-2.780000000000001,2020
-0.37,LONG,8050,2020-08-13 14:00:00,-3.1500000000000012,2020
-0.38,LONG,8055,2020-08-13 19:00:00,-3.530000000000001,2020
0.6,LONG,8073,2020-08-17 09:00:00,-2.930000000000001,2020
-0.36,SHORT,8086,2020-08-18 08:00:00,-3.290000000000001,2020
-0.34,SHORT,8101,2020-08-19 09:00:00,-3.630000000000001,2020
-0.35,SHORT,8120,2020-08-20 14:00:00,-3.980000000000001,2020
0.55,SHORT,8157,2020-08-25 09:00:00,-3.4300000000000006,2020
-0.31,LONG,8160,2020-08-25 12:00:00,-3.7400000000000007,2020
-0.32,LONG,8164,2020-08-25 16:00:00,-4.0600000000000005,2020
0.51,LONG,8187,2020-08-27 11:00:00,-3.5500000000000007,2020
0.54,SHORT,8191,2020-08-27 15:00:00,-3.0100000000000007,2020
0.16,LONG,8233,2020-09-01 15:00:00,-2.8500000000000005,2020
-0.41,SHORT,8238,2020-09-01 20:00:00,-3.2600000000000007,2020
-0.39,SHORT,8246,2020-09-02 14:00:00,-3.650000000000001,2020
0.58,SHORT,8282,2020-09-07 08:00:00,-3.0700000000000007,2020
0.83,LONG,8302,2020-09-08 14:00:00,-2.2400000000000007,2020
0.65,SHORT,8318,2020-09-09 16:00:00,-1.5900000000000007,2020
-0.41,LONG,8330,2020-09-10 14:00:00,-2.000000000000001,2020
0.31,LONG,8402,2020-09-17 16:00:00,-1.6900000000000008,2020
-0.03,SHORT,8426,2020-09-21 12:00:00,-1.7200000000000009,2020
-0.04,SHORT,8467,2020-09-24 11:00:00,-1.760000000000001,2020
-0.11,SHORT,8508,2020-09-29 10:00:00,-1.870000000000001,2020
-0.27,LONG,8534,2020-10-01 08:00:00,-2.140000000000001,2020
0.42,LONG,8546,2020-10-01 20:00:00,-1.720000000000001,2020
-0.3,LONG,8575,2020-10-05 21:00:00,-2.020000000000001,2020
0.46,SHORT,8594,2020-10-07 12:00:00,-1.560000000000001,2020
0.48,LONG,8613,2020-10-08 17:00:00,-1.080000000000001,2020
0.41,LONG,8647,2020-10-13 09:00:00,-0.670000000000001,2020
-0.21,SHORT,8660,2020-10-14 08:00:00,-0.880000000000001,2020
-0.21,SHORT,8664,2020-10-14 12:00:00,-1.090000000000001,2020
-0.21,SHORT,8675,2020-10-15 09:00:00,-1.300000000000001,2020
-0.23,SHORT,8677,2020-10-15 11:00:00,-1.530000000000001,2020
0.38,SHORT,8687,2020-10-15 21:00:00,-1.1500000000000008,2020
-0.16,LONG,8724,2020-10-20 16:00:00,-1.3100000000000007,2020
-0.28,LONG,8730,2020-10-21 08:00:00,-1.5900000000000007,2020
-0.28,LONG,8753,2020-10-22 17:00:00,-1.8700000000000008,2020
0.46,LONG,8773,2020-10-26 09:00:00,-1.4100000000000008,2020
-0.3,SHORT,8800,2020-10-28 08:00:00,-1.7100000000000009,2020
-0.17,SHORT,8821,2020-10-29 15:00:00,-1.8800000000000008,2020
0.45,LONG,8870,2020-11-04 08:00:00,-1.4300000000000008,2020
0.47,SHORT,8875,2020-11-04 13:00:00,-0.9600000000000009,2020
0.49,SHORT,8905,2020-11-06 15:00:00,-0.47000000000000086,2020
0.49,LONG,8914,2020-11-09 10:00:00,0.01999999999999913,2020
-0.36,LONG,8918,2020-11-09 14:00:00,-0.34000000000000086,2020
-0.41,LONG,8920,2020-11-09 16:00:00,-0.7500000000000009,2020
-0.44,LONG,8932,2020-11-10 14:00:00,-1.1900000000000008,2020
0.62,LONG,8952,2020-11-11 20:00:00,-0.5700000000000008,2020
-0.03,SHORT,8961,2020-11-12 15:00:00,-0.6000000000000009,2020
-0.34,SHORT,8973,2020-11-13 13:00:00,-0.9400000000000008,2020
0.49,SHORT,8986,2020-11-16 12:00:00,-0.45000000000000084,2020
0.48,LONG,9002,2020-11-17 14:00:00,0.02999999999999914,2020
-0.12,SHORT,9010,2020-11-18 08:00:00,-0.09000000000000086,2020
-0.29,SHORT,9050,2020-11-20 20:00:00,-0.38000000000000084,2020
0.37,LONG,9100,2020-11-26 14:00:00,-0.010000000000000842,2020
-0.0,LONG,9128,2020-11-30 14:00:00,-0.010000000000000842,2020
-0.21,LONG,9138,2020-12-01 10:00:00,-0.22000000000000083,2020
-0.24,LONG,9143,2020-12-01 15:00:00,-0.46000000000000085,2020
-0.26,LONG,9145,2020-12-01 17:00:00,-0.7200000000000009,2020
0.4,LONG,9173,2020-12-03 17:00:00,-0.32000000000000084,2020
0.42,LONG,9192,2020-12-07 08:00:00,0.09999999999999915,2020
-0.42,SHORT,9206,2020-12-08 08:00:00,-0.32000000000000084,2020
-0.36,SHORT,9235,2020-12-10 09:00:00,-0.6800000000000008,2020
0.44,SHORT,9240,2020-12-10 14:00:00,-0.24000000000000082,2020
0.49,LONG,9249,2020-12-11 09:00:00,0.24999999999999917,2020
0.53,SHORT,9291,2020-12-16 09:00:00,0.7799999999999991,2020
-0.29,LONG,9293,2020-12-16 11:00:00,0.48999999999999916,2020
-0.3,LONG,9296,2020-12-16 14:00:00,0.18999999999999917,2020
0.45,LONG,9306,2020-12-17 10:00:00,0.6399999999999992,2020
0.5,SHORT,9339,2020-12-21 15:00:00,1.1399999999999992,2020
-0.0,LONG,9368,2020-12-23 16:00:00,1.1399999999999992,2020
0.53,LONG,9385,2020-12-28 19:00:00,1.6699999999999993,2020
-0.32,SHORT,9417,2021-01-04 09:00:00,1.3499999999999992,2021
0.5,SHORT,9444,2021-01-06 08:00:00,1.8499999999999992,2021
0.11,LONG,9485,2021-01-08 21:00:00,1.9599999999999993,2021
0.48,SHORT,9493,2021-01-11 15:00:00,2.4399999999999995,2021
-0.33,LONG,9502,2021-01-12 10:00:00,2.1099999999999994,2021
0.47,LONG,9520,2021-01-13 14:00:00,2.579999999999999,2021
-0.4,SHORT,9525,2021-01-13 19:00:00,2.1799999999999993,2021
0.47,SHORT,9570,2021-01-19 08:00:00,2.6499999999999995,2021
-0.0,LONG,9572,2021-01-19 10:00:00,2.6499999999999995,2021
-0.09,SHORT,9587,2021-01-20 11:00:00,2.5599999999999996,2021
-0.06,LONG,9603,2021-01-21 13:00:00,2.4999999999999996,2021
-0.25,LONG,9605,2021-01-21 15:00:00,2.2499999999999996,2021
0.43,LONG,9627,2021-01-25 09:00:00,2.6799999999999997,2021
-0.18,SHORT,9629,2021-01-25 11:00:00,2.4999999999999996,2021
-0.27,SHORT,9640,2021-01-26 08:00:00,2.2299999999999995,2021
-0.33,SHORT,9661,2021-01-27 15:00:00,1.8999999999999995,2021
0.45,SHORT,9683,2021-01-29 09:00:00,2.3499999999999996,2021
-0.02,LONG,9685,2021-01-29 11:00:00,2.3299999999999996,2021
-0.31,LONG,9711,2021-02-02 09:00:00,2.0199999999999996,2021
-0.31,LONG,9718,2021-02-02 16:00:00,1.7099999999999995,2021
-0.3,LONG,9744,2021-02-04 14:00:00,1.4099999999999995,2021
-0.31,LONG,9757,2021-02-05 13:00:00,1.0999999999999994,2021
0.46,LONG,9759,2021-02-05 15:00:00,1.5599999999999994,2021
-0.43,SHORT,9809,2021-02-11 09:00:00,1.1299999999999994,2021
0.44,SHORT,9828,2021-02-12 14:00:00,1.5699999999999994,2021
-0.28,LONG,9830,2021-02-12 16:00:00,1.2899999999999994,2021
-0.29,LONG,9836,2021-02-15 08:00:00,0.9999999999999993,2021
-0.29,LONG,9854,2021-02-16 12:00:00,0.7099999999999993,2021
-0.29,LONG,9862,2021-02-16 20:00:00,0.4199999999999993,2021
-0.32,LONG,9885,2021-02-18 15:00:00,0.09999999999999931,2021
-0.06,LONG,9892,2021-02-19 08:00:00,0.039999999999999314,2021
-0.34,LONG,9903,2021-02-19 19:00:00,-0.3000000000000007,2021
0.52,LONG,9909,2021-02-22 11:00:00,0.2199999999999993,2021
0.59,SHORT,9927,2021-02-23 15:00:00,0.8099999999999993,2021
-0.13,LONG,9942,2021-02-24 16:00:00,0.6799999999999993,2021
-0.45,LONG,9956,2021-02-25 16:00:00,0.22999999999999926,2021
-0.52,LONG,9959,2021-02-25 19:00:00,-0.29000000000000076,2021
0.41,SHORT,11183,2021-07-01 11:00:00,0.11999999999999922,2021
0.41,LONG,11187,2021-07-01 15:00:00,0.5299999999999991,2021
-0.27,SHORT,11198,2021-07-02 12:00:00,0.2599999999999991,2021
0.41,SHORT,11216,2021-07-05 16:00:00,0.669999999999999,2021
0.35,LONG,11224,2021-07-06 10:00:00,1.0199999999999991,2021
-0.25,SHORT,11229,2021-07-06 15:00:00,0.7699999999999991,2021
-0.27,SHORT,11231,2021-07-06 17:00:00,0.4999999999999991,2021
-0.28,SHORT,11238,2021-07-07 10:00:00,0.21999999999999909,2021
-0.3,SHORT,11252,2021-07-08 10:00:00,-0.0800000000000009,2021
0.47,SHORT,11256,2021-07-08 14:00:00,0.38999999999999907,2021
-0.42,SHORT,11320,2021-07-15 08:00:00,-0.030000000000000915,2021
-0.29,SHORT,11354,2021-07-19 14:00:00,-0.3200000000000009,2021
-0.31,SHORT,11365,2021-07-20 11:00:00,-0.6300000000000009,2021
0.49,SHORT,11378,2021-07-21 10:00:00,-0.1400000000000009,2021
-0.0,SHORT,11400,2021-07-22 18:00:00,-0.1400000000000009,2021
0.53,SHORT,11425,2021-07-26 15:00:00,0.3899999999999991,2021
-0.1,SHORT,11439,2021-07-27 15:00:00,0.28999999999999915,2021
0.01,SHORT,11491,2021-08-02 11:00:00,0.29999999999999916,2021
-0.3,SHORT,11521,2021-08-04 13:00:00,-8.326672684688674e-16,2021
0.41,SHORT,11524,2021-08-04 16:00:00,0.40999999999999914,2021
0.46,SHORT,11545,2021-08-06 09:00:00,0.8699999999999992,2021
-0.33,LONG,11588,2021-08-11 10:00:00,0.5399999999999991,2021
0.45,LONG,11597,2021-08-11 19:00:00,0.9899999999999991,2021
0.46,LONG,11628,2021-08-16 08:00:00,1.449999999999999,2021
0.04,SHORT,11676,2021-08-19 14:00:00,1.489999999999999,2021
0.43,SHORT,11700,2021-08-23 10:00:00,1.919999999999999,2021
-0.27,LONG,11730,2021-08-25 12:00:00,1.649999999999999,2021
-0.27,LONG,11734,2021-08-25 16:00:00,1.379999999999999,2021
0.19,LONG,11775,2021-08-30 15:00:00,1.569999999999999,2021
0.48,SHORT,11786,2021-08-31 12:00:00,2.049999999999999,2021
-0.32,LONG,11791,2021-08-31 17:00:00,1.7299999999999989,2021
0.48,SHORT,11831,2021-09-03 15:00:00,2.209999999999999,2021
-0.3,LONG,11851,2021-09-07 08:00:00,1.909999999999999,2021
-0.44,LONG,11854,2021-09-07 11:00:00,1.469999999999999,2021
0.66,LONG,11890,2021-09-09 19:00:00,2.129999999999999,2021
0.54,SHORT,11896,2021-09-10 11:00:00,2.669999999999999,2021
0.44,LONG,11928,2021-09-14 15:00:00,3.109999999999999,2021
-0.45,LONG,11949,2021-09-16 08:00:00,2.659999999999999,2021
-0.05,LONG,11964,2021-09-17 09:00:00,2.609999999999999,2021
0.47,LONG,11979,2021-09-20 10:00:00,3.079999999999999,2021
0.03,SHORT,12020,2021-09-23 09:00:00,3.109999999999999,2021
-0.37,LONG,12027,2021-09-23 16:00:00,2.739999999999999,2021
-0.39,LONG,12033,2021-09-24 08:00:00,2.3499999999999988,2021
0.56,LONG,12082,2021-09-29 15:00:00,2.909999999999999,2021
-0.25,LONG,12096,2021-09-30 15:00:00,2.659999999999999,2021
0.54,LONG,12103,2021-10-01 08:00:00,3.199999999999999,2021
0.53,SHORT,12139,2021-10-05 16:00:00,3.7299999999999986,2021
-0.34,LONG,12145,2021-10-06 08:00:00,3.389999999999999,2021
0.5,LONG,12152,2021-10-06 15:00:00,3.889999999999999,2021
-0.12,LONG,12182,2021-10-08 17:00:00,3.7699999999999987,2021
-0.35,LONG,12208,2021-10-12 15:00:00,3.4199999999999986,2021
-0.34,LONG,12211,2021-10-12 18:00:00,3.0799999999999987,2021
0.52,LONG,12217,2021-10-13 10:00:00,3.5999999999999988,2021
-0.27,SHORT,12222,2021-10-13 15:00:00,3.3299999999999987,2021
-0.39,SHORT,12237,2021-10-14 16:00:00,2.9399999999999986,2021
-0.31,LONG,12277,2021-10-19 14:00:00,2.6299999999999986,2021
-0.44,LONG,12310,2021-10-21 19:00:00,2.1899999999999986,2021
0.6,LONG,12334,2021-10-25 15:00:00,2.7899999999999987,2021
-0.41,SHORT,12359,2021-10-27 12:00:00,2.3799999999999986,2021
-0.39,SHORT,12365,2021-10-27 18:00:00,1.9899999999999984,2021
-0.08,LONG,12383,2021-10-29 08:00:00,1.9099999999999984,2021
0.8,LONG,12416,2021-11-02 13:00:00,2.709999999999998,2021
-0.44,SHORT,12445,2021-11-04 14:00:00,2.2699999999999982,2021
-0.47,SHORT,12454,2021-11-05 09:00:00,1.7999999999999983,2021
-0.45,SHORT,12459,2021-11-05 14:00:00,1.3499999999999983,2021
-0.22,SHORT,12500,2021-11-10 13:00:00,1.1299999999999983,2021
-0.44,LONG,12506,2021-11-10 19:00:00,0.6899999999999984,2021
0.67,LONG,12537,2021-11-15 08:00:00,1.3599999999999985,2021
0.61,SHORT,12544,2021-11-15 15:00:00,1.9699999999999984,2021
-0.69,SHORT,12595,2021-11-19 10:00:00,1.2799999999999985,2021
-0.39,SHORT,12598,2021-11-19 13:00:00,0.8899999999999985,2021
0.62,SHORT,12618,2021-11-22 19:00:00,1.5099999999999985,2021
-0.57,LONG,12625,2021-11-23 12:00:00,0.9399999999999985,2021
-0.42,SHORT,12693,2021-11-30 10:00:00,0.5199999999999985,2021
-0.6,LONG,14485,2022-06-02 10:00:00,-0.08000000000000151,2022
-0.54,LONG,14519,2022-06-06 16:00:00,-0.6200000000000015,2022
-0.53,LONG,14552,2022-06-08 21:00:00,-1.1500000000000017,2022
0.75,SHORT,14558,2022-06-09 13:00:00,-0.4000000000000017,2022
-0.61,LONG,14560,2022-06-09 15:00:00,-1.0100000000000016,2022
-0.68,LONG,14575,2022-06-10 16:00:00,-1.6900000000000017,2022
-0.73,LONG,14584,2022-06-13 11:00:00,-2.4200000000000017,2022
-0.85,LONG,14605,2022-06-14 18:00:00,-3.270000000000002,2022
1.34,LONG,14614,2022-06-15 13:00:00,-1.9300000000000017,2022
-1.09,SHORT,14622,2022-06-15 21:00:00,-3.020000000000002,2022
1.56,SHORT,14624,2022-06-16 09:00:00,-1.4600000000000017,2022
-1.39,LONG,14626,2022-06-16 11:00:00,-2.8500000000000014,2022
1.87,LONG,14631,2022-06-16 16:00:00,-0.9800000000000013,2022
0.19,SHORT,14681,2022-06-22 10:00:00,-0.7900000000000014,2022
-0.9,SHORT,14685,2022-06-22 14:00:00,-1.6900000000000013,2022
-0.91,SHORT,14694,2022-06-23 09:00:00,-2.6000000000000014,2022
-0.98,SHORT,14700,2022-06-23 15:00:00,-3.5800000000000014,2022
-0.29,LONG,14724,2022-06-27 11:00:00,-3.8700000000000014,2022
-0.98,LONG,14736,2022-06-28 09:00:00,-4.850000000000001,2022
1.43,LONG,14758,2022-06-29 17:00:00,-3.4200000000000017,2022
-1.02,SHORT,14764,2022-06-30 09:00:00,-4.440000000000001,2022
-0.97,SHORT,14771,2022-06-30 16:00:00,-5.410000000000001,2022
-0.98,SHORT,14785,2022-07-01 16:00:00,-6.390000000000001,2022
1.59,SHORT,14794,2022-07-04 11:00:00,-4.800000000000001,2022
-1.0,SHORT,14814,2022-07-05 17:00:00,-5.800000000000001,2022
-0.96,SHORT,14825,2022-07-06 14:00:00,-6.760000000000001,2022
1.44,SHORT,14831,2022-07-06 20:00:00,-5.32,2022
1.39,LONG,14876,2022-07-12 09:00:00,-3.9300000000000006,2022
-0.76,SHORT,14878,2022-07-12 11:00:00,-4.69,2022
1.21,SHORT,14895,2022-07-13 14:00:00,-3.4800000000000004,2022
1.21,LONG,14897,2022-07-13 16:00:00,-2.2700000000000005,2022
1.39,LONG,14917,2022-07-15 08:00:00,-0.8800000000000006,2022
1.45,SHORT,14934,2022-07-18 11:00:00,0.5699999999999994,2022
-0.52,LONG,14947,2022-07-19 10:00:00,0.04999999999999938,2022
1.32,SHORT,14979,2022-07-21 14:00:00,1.3699999999999994,2022
1.4,LONG,14981,2022-07-21 16:00:00,2.7699999999999996,2022
-1.03,SHORT,14994,2022-07-22 15:00:00,1.7399999999999995,2022
1.48,LONG,15018,2022-07-26 11:00:00,3.2199999999999998,2022
-0.85,SHORT,15021,2022-07-26 14:00:00,2.3699999999999997,2022
1.18,LONG,15049,2022-07-28 14:00:00,3.55,2022
-0.87,SHORT,15051,2022-07-28 16:00:00,2.6799999999999997,2022
1.37,SHORT,15059,2022-07-29 10:00:00,4.05,2022
1.37,LONG,15066,2022-07-29 17:00:00,5.42,2022
-0.89,SHORT,15085,2022-08-02 08:00:00,4.53,2022
1.27,SHORT,15094,2022-08-02 17:00:00,5.800000000000001,2022
1.42,SHORT,15134,2022-08-05 15:00:00,7.220000000000001,2022
1.31,LONG,15175,2022-08-10 14:00:00,8.530000000000001,2022
1.16,SHORT,15191,2022-08-11 16:00:00,9.690000000000001,2022
-0.81,LONG,15198,2022-08-12 09:00:00,8.88,2022
1.17,SHORT,15240,2022-08-17 09:00:00,10.05,2022
-0.72,LONG,15253,2022-08-18 08:00:00,9.33,2022
1.14,LONG,15261,2022-08-18 16:00:00,10.47,2022
-0.76,LONG,15272,2022-08-19 13:00:00,9.71,2022
-0.76,LONG,15287,2022-08-22 14:00:00,8.950000000000001,2022
-0.76,LONG,15296,2022-08-23 09:00:00,8.190000000000001,2022
-0.19,SHORT,15332,2022-08-25 17:00:00,8.000000000000002,2022
1.09,SHORT,15344,2022-08-26 15:00:00,9.090000000000002,2022
-0.75,LONG,15351,2022-08-29 08:00:00,8.340000000000002,2022
-0.79,LONG,15382,2022-08-31 11:00:00,7.550000000000002,2022
1.2,LONG,15414,2022-09-02 15:00:00,8.750000000000002,2022
1.24,SHORT,15423,2022-09-05 10:00:00,9.990000000000002,2022
1.22,SHORT,15442,2022-09-06 15:00:00,11.210000000000003,2022
-0.95,LONG,15449,2022-09-07 08:00:00,10.260000000000003,2022
1.54,LONG,15459,2022-09-07 18:00:00,11.800000000000004,2022
1.76,SHORT,15469,2022-09-08 14:00:00,13.560000000000004,2022
0.55,LONG,15510,2022-09-13 13:00:00,14.110000000000005,2022
-0.93,LONG,15547,2022-09-16 08:00:00,13.180000000000005,2022
-0.78,LONG,15576,2022-09-20 09:00:00,12.400000000000006,2022
-0.71,LONG,15580,2022-09-20 13:00:00,11.690000000000005,2022
-0.72,LONG,15610,2022-09-22 15:00:00,10.970000000000004,2022
-0.91,LONG,15620,2022-09-23 11:00:00,10.060000000000004,2022
-0.94,LONG,15622,2022-09-23 13:00:00,9.120000000000005,2022
-1.01,LONG,15652,2022-09-27 15:00:00,8.110000000000005,2022
-1.09,LONG,15662,2022-09-28 11:00:00,7.020000000000005,2022
1.66,LONG,15665,2022-09-28 14:00:00,8.680000000000005,2022
-0.68,SHORT,15691,2022-09-30 12:00:00,8.000000000000005,2022
1.83,LONG,15706,2022-10-03 13:00:00,9.830000000000005,2022
-1.21,SHORT,15710,2022-10-03 17:00:00,8.620000000000005,2022
-1.24,SHORT,15716,2022-10-04 09:00:00,7.380000000000004,2022
-0.35,LONG,15732,2022-10-05 11:00:00,7.030000000000005,2022
-1.08,LONG,15757,2022-10-07 08:00:00,5.950000000000005,2022
-0.93,LONG,15779,2022-10-10 16:00:00,5.020000000000005,2022
-0.94,LONG,15803,2022-10-12 12:00:00,4.080000000000005,2022
1.39,LONG,15818,2022-10-13 13:00:00,5.470000000000005,2022
1.39,SHORT,15820,2022-10-13 15:00:00,6.860000000000005,2022
1.7,SHORT,15835,2022-10-14 16:00:00,8.560000000000004,2022
0.06,LONG,15877,2022-10-19 16:00:00,8.620000000000005,2022
-0.91,LONG,15900,2022-10-21 11:00:00,7.710000000000004,2022
-0.92,SHORT,15925,2022-10-25 08:00:00,6.7900000000000045,2022
-0.94,SHORT,15932,2022-10-25 15:00:00,5.850000000000005,2022
-0.95,SHORT,15959,2022-10-27 14:00:00,4.900000000000005,2022
-0.9,SHORT,15961,2022-10-27 16:00:00,4.000000000000004,2022
1.45,SHORT,15970,2022-10-28 11:00:00,5.450000000000005,2022
-0.37,LONG,16011,2022-11-02 10:00:00,5.0800000000000045,2022
-0.09,LONG,16023,2022-11-03 08:00:00,4.990000000000005,2022
-0.83,LONG,16051,2022-11-07 08:00:00,4.160000000000005,2022
1.19,LONG,16079,2022-11-09 08:00:00,5.350000000000005,2022
-0.73,SHORT,16088,2022-11-09 17:00:00,4.6200000000000045,2022
-0.77,SHORT,16099,2022-11-10 14:00:00,3.8500000000000045,2022
1.25,SHORT,16113,2022-11-11 14:00:00,5.100000000000005,2022
-1.64,SHORT,16162,2022-11-16 21:00:00,3.4600000000000053,2022
-0.08,LONG,16209,2022-11-22 12:00:00,3.3800000000000052,2022
-0.4,SHORT,16226,2022-11-23 15:00:00,2.9800000000000053,2022
-0.68,SHORT,16233,2022-11-24 08:00:00,2.300000000000005,2022
-0.68,SHORT,16236,2022-11-24 11:00:00,1.620000000000005,2022
1.03,SHORT,16247,2022-11-25 08:00:00,2.650000000000005,2022
-1.45,LONG,16265,2022-11-28 12:00:00,1.2000000000000048,2022
-0.19,SHORT,16277,2022-11-29 10:00:00,1.010000000000005,2022
-0.5,SHORT,18075,2023-06-01 16:00:00,0.5100000000000049,2023
-0.49,LONG,18089,2023-06-02 16:00:00,0.020000000000004903,2023
-0.47,LONG,18123,2023-06-07 08:00:00,-0.44999999999999507,2023
-0.5,LONG,18131,2023-06-07 16:00:00,-0.9499999999999951,2023
0.8,LONG,18157,2023-06-09 14:00:00,-0.14999999999999503,2023
-0.51,SHORT,18171,2023-06-12 14:00:00,-0.659999999999995,2023
0.74,SHORT,18185,2023-06-13 14:00:00,0.08000000000000496,2023
0.79,SHORT,18187,2023-06-13 16:00:00,0.870000000000005,2023
-0.56,LONG,18192,2023-06-13 21:00:00,0.31000000000000494,2023
-0.55,LONG,18213,2023-06-15 14:00:00,-0.2399999999999951,2023
0.88,LONG,18235,2023-06-19 08:00:00,0.6400000000000049,2023
0.82,SHORT,18239,2023-06-19 12:00:00,1.4600000000000048,2023
-0.85,SHORT,18256,2023-06-20 15:00:00,0.6100000000000049,2023
-0.06,SHORT,18258,2023-06-20 17:00:00,0.5500000000000049,2023
-0.48,LONG,18282,2023-06-22 13:00:00,0.07000000000000495,2023
0.8,LONG,18292,2023-06-23 09:00:00,0.870000000000005,2023
-0.57,SHORT,18307,2023-06-26 10:00:00,0.30000000000000504,2023
0.85,SHORT,18333,2023-06-28 08:00:00,1.150000000000005,2023
0.82,SHORT,18354,2023-06-29 15:00:00,1.970000000000005,2023
-0.2,LONG,18676,2023-08-01 15:00:00,1.7700000000000051,2023
-0.51,LONG,18706,2023-08-03 17:00:00,1.2600000000000051,2023
-0.31,SHORT,18725,2023-08-07 08:00:00,0.9500000000000051,2023
0.69,LONG,18739,2023-08-08 08:00:00,1.640000000000005,2023
-0.48,SHORT,18742,2023-08-08 11:00:00,1.160000000000005,2023
0.76,SHORT,18778,2023-08-10 19:00:00,1.920000000000005,2023
-0.45,LONG,18787,2023-08-11 14:00:00,1.470000000000005,2023
-0.44,LONG,18809,2023-08-15 08:00:00,1.0300000000000051,2023
-0.39,LONG,18813,2023-08-15 12:00:00,0.6400000000000051,2023
0.61,LONG,18823,2023-08-16 08:00:00,1.250000000000005,2023
0.62,LONG,18851,2023-08-18 08:00:00,1.870000000000005,2023
0.66,SHORT,18869,2023-08-21 12:00:00,2.530000000000005,2023
0.65,LONG,18894,2023-08-23 09:00:00,3.180000000000005,2023
-0.42,SHORT,18900,2023-08-23 15:00:00,2.760000000000005,2023
-0.01,LONG,18923,2023-08-25 10:00:00,2.7500000000000053,2023
-0.44,LONG,18939,2023-08-28 12:00:00,2.3100000000000054,2023
-0.01,SHORT,18951,2023-08-29 10:00:00,2.3000000000000056,2023
-0.07,SHORT,18959,2023-08-29 18:00:00,2.2300000000000058,2023
-0.49,SHORT,18997,2023-09-01 14:00:00,1.7400000000000058,2023
-0.48,LONG,19006,2023-09-04 09:00:00,1.2600000000000058,2023
-0.36,LONG,19033,2023-09-06 08:00:00,0.9000000000000058,2023
-0.37,LONG,19042,2023-09-06 17:00:00,0.5300000000000058,2023
0.55,SHORT,19075,2023-09-11 08:00:00,1.0800000000000058,2023
-0.36,LONG,19105,2023-09-13 10:00:00,0.7200000000000059,2023
0.48,LONG,19117,2023-09-14 08:00:00,1.200000000000006,2023
0.57,SHORT,19132,2023-09-15 09:00:00,1.7700000000000058,2023
-0.2,LONG,19137,2023-09-15 14:00:00,1.5700000000000058,2023
-0.37,LONG,19165,2023-09-19 14:00:00,1.200000000000006,2023
-0.34,LONG,19193,2023-09-21 14:00:00,0.8600000000000059,2023
0.53,LONG,19202,2023-09-22 09:00:00,1.390000000000006,2023
-0.37,LONG,19218,2023-09-25 11:00:00,1.0200000000000058,2023
-0.38,LONG,19252,2023-09-27 17:00:00,0.6400000000000058,2023
-0.35,LONG,19254,2023-09-27 19:00:00,0.2900000000000058,2023
-0.36,LONG,19259,2023-09-28 10:00:00,-0.06999999999999418,2023
-0.39,LONG,19263,2023-09-28 14:00:00,-0.4599999999999942,2023
-0.45,SHORT,20801,2024-03-05 14:00:00,-0.9099999999999941,2024
0.69,SHORT,20810,2024-03-06 09:00:00,-0.2199999999999942,2024
0.68,LONG,20829,2024-03-07 14:00:00,0.46000000000000585,2024
0.68,SHORT,20870,2024-03-12 13:00:00,1.140000000000006,2024
-0.39,LONG,20884,2024-03-13 13:00:00,0.7500000000000059,2024
-0.37,LONG,20893,2024-03-14 08:00:00,0.3800000000000059,2024
-0.34,LONG,20900,2024-03-14 15:00:00,0.040000000000005864,2024
-0.37,LONG,20924,2024-03-18 11:00:00,-0.32999999999999413,2024
0.48,LONG,20950,2024-03-20 09:00:00,0.15000000000000585,2024
0.49,SHORT,20960,2024-03-20 19:00:00,0.6400000000000059,2024
-0.37,SHORT,20982,2024-03-22 13:00:00,0.2700000000000059,2024
-0.37,SHORT,21023,2024-03-27 12:00:00,-0.0999999999999941,2024
0.46,SHORT,21047,2024-04-02 08:00:00,0.3600000000000059,2024
-0.32,LONG,21051,2024-04-02 12:00:00,0.04000000000000592,2024
-0.35,LONG,21054,2024-04-02 15:00:00,-0.30999999999999406,2024
0.54,LONG,21064,2024-04-03 11:00:00,0.23000000000000598,2024
0.53,SHORT,21068,2024-04-03 15:00:00,0.760000000000006,2024
0.57,LONG,21081,2024-04-04 14:00:00,1.3300000000000058,2024
0.6,SHORT,21095,2024-04-05 14:00:00,1.930000000000006,2024
0.59,LONG,21124,2024-04-09 15:00:00,2.520000000000006,2024
0.51,SHORT,21137,2024-04-10 14:00:00,3.0300000000000056,2024
-0.4,LONG,21142,2024-04-10 19:00:00,2.6300000000000057,2024
-0.95,SHORT,21165,2024-04-12 14:00:00,1.6800000000000057,2024
0.74,SHORT,21174,2024-04-15 09:00:00,2.4200000000000057,2024
0.71,LONG,21215,2024-04-18 08:00:00,3.1300000000000057,2024
0.63,SHORT,21224,2024-04-18 17:00:00,3.7600000000000056,2024
0.63,LONG,21257,2024-04-23 08:00:00,4.390000000000006,2024
-0.38,LONG,21276,2024-04-24 13:00:00,4.010000000000006,2024
-0.4,LONG,21279,2024-04-24 16:00:00,3.610000000000006,2024
-0.41,LONG,21292,2024-04-25 15:00:00,3.200000000000006,2024
0.6,LONG,21305,2024-04-26 14:00:00,3.800000000000006,2024
0.55,SHORT,21333,2024-04-30 14:00:00,4.350000000000006,2024
0.59,LONG,21346,2024-05-02 13:00:00,4.940000000000006,2024
-0.43,SHORT,21386,2024-05-07 11:00:00,4.510000000000006,2024
-0.2,LONG,21411,2024-05-09 08:00:00,4.310000000000006,2024
-0.32,LONG,21432,2024-05-10 15:00:00,3.990000000000006,2024
-0.33,LONG,21459,2024-05-14 14:00:00,3.660000000000006,2024
0.47,LONG,21469,2024-05-15 10:00:00,4.130000000000006,2024
-0.03,SHORT,21471,2024-05-15 12:00:00,4.100000000000006,2024
-0.34,SHORT,21481,2024-05-16 08:00:00,3.760000000000006,2024
-0.7,LONG,21537,2024-05-22 08:00:00,3.060000000000006,2024
-0.3,LONG,21558,2024-05-23 15:00:00,2.760000000000006,2024
0.58,LONG,21586,2024-05-27 15:00:00,3.340000000000006,2024
0.54,SHORT,21602,2024-05-28 17:00:00,3.880000000000006,2024
-0.11,LONG,21604,2024-05-28 19:00:00,3.7700000000000062,2024
-0.34,LONG,21613,2024-05-29 14:00:00,3.4300000000000064,2024
0.5,SHORT,21638,2024-05-31 11:00:00,3.9300000000000064,2024
0.48,LONG,21642,2024-05-31 15:00:00,4.410000000000006,2024
-0.37,SHORT,21664,2024-06-04 09:00:00,4.040000000000006,2024
-0.36,SHORT,21671,2024-06-04 16:00:00,3.6800000000000064,2024
-0.39,SHORT,21683,2024-06-05 14:00:00,3.2900000000000063,2024
-1.0,LONG,21721,2024-06-10 10:00:00,2.2900000000000063,2024
0.6,LONG,21747,2024-06-12 08:00:00,2.8900000000000063,2024
-0.26,SHORT,21756,2024-06-12 17:00:00,2.630000000000006,2024
-0.04,SHORT,21758,2024-06-12 19:00:00,2.590000000000006,2024
-0.43,SHORT,21770,2024-06-13 17:00:00,2.160000000000006,2024
-0.45,SHORT,21775,2024-06-14 08:00:00,1.710000000000006,2024
-0.47,SHORT,21778,2024-06-14 11:00:00,1.240000000000006,2024
0.25,SHORT,21819,2024-06-19 10:00:00,1.490000000000006,2024
0.55,LONG,21846,2024-06-21 09:00:00,2.0400000000000063,2024
0.57,SHORT,21863,2024-06-24 12:00:00,2.610000000000006,2024
-0.37,LONG,21901,2024-06-27 08:00:00,2.240000000000006,2024
0.46,LONG,21916,2024-06-28 09:00:00,2.700000000000006,2024
-0.21,LONG,21923,2024-06-28 16:00:00,2.490000000000006,2024
-0.03,LONG,21925,2024-06-28 18:00:00,2.460000000000006,2024
-0.34,LONG,21929,2024-07-01 08:00:00,2.1200000000000063,2024
-0.36,LONG,21931,2024-07-01 10:00:00,1.7600000000000064,2024
-0.38,LONG,21941,2024-07-01 20:00:00,1.3800000000000066,2024
-0.36,SHORT,22006,2024-07-08 15:00:00,1.0200000000000067,2024
0.47,LONG,22033,2024-07-10 14:00:00,1.4900000000000067,2024
0.42,LONG,22047,2024-07-11 14:00:00,1.9100000000000066,2024
-0.34,SHORT,22083,2024-07-16 08:00:00,1.5700000000000065,2024
-0.32,SHORT,22088,2024-07-16 13:00:00,1.2500000000000064,2024
0.48,SHORT,22127,2024-07-22 10:00:00,1.7300000000000064,2024
-0.3,LONG,22135,2024-07-22 18:00:00,1.4300000000000064,2024
0.43,SHORT,22165,2024-07-24 20:00:00,1.8600000000000063,2024
0.49,LONG,22168,2024-07-25 09:00:00,2.3500000000000063,2024
-0.11,SHORT,22195,2024-07-29 08:00:00,2.2400000000000064,2024
-0.36,SHORT,22219,2024-07-30 18:00:00,1.8800000000000066,2024
-0.33,SHORT,22233,2024-07-31 18:00:00,1.5500000000000065,2024
-0.34,SHORT,23460,2024-12-02 17:00:00,1.2100000000000064,2024
0.52,LONG,23488,2024-12-04 17:00:00,1.7300000000000064,2024
0.65,SHORT,23499,2024-12-05 14:00:00,2.3800000000000066,2024
-0.03,LONG,23535,2024-12-10 08:00:00,2.3500000000000068,2024
-0.36,LONG,23570,2024-12-12 15:00:00,1.9900000000000069,2024
-0.41,LONG,23574,2024-12-12 19:00:00,1.580000000000007,2024
-0.41,LONG,23586,2024-12-13 17:00:00,1.170000000000007,2024
0.49,SHORT,23631,2024-12-18 20:00:00,1.660000000000007,2024
-0.32,LONG,23633,2024-12-19 08:00:00,1.340000000000007,2024
-0.33,LONG,23640,2024-12-19 15:00:00,1.010000000000007,2024
-0.35,LONG,23675,2024-12-27 08:00:00,0.6600000000000069,2024
-0.32,LONG,23677,2024-12-27 10:00:00,0.3400000000000069,2024
0.49,LONG,23698,2024-12-30 17:00:00,0.830000000000007,2024
-0.34,SHORT,24010,2025-02-03 08:00:00,0.49000000000000693,2025
-0.36,SHORT,24012,2025-02-03 10:00:00,0.13000000000000694,2025
-0.38,SHORT,24040,2025-02-05 10:00:00,-0.24999999999999306,2025
0.55,SHORT,24074,2025-02-07 16:00:00,0.300000000000007,2025
-0.3,LONG,24099,2025-02-11 13:00:00,6.994405055138486e-15,2025
-0.29,LONG,24108,2025-02-12 08:00:00,-0.289999999999993,2025
0.43,LONG,24126,2025-02-13 12:00:00,0.140000000000007,2025
0.42,SHORT,24150,2025-02-17 08:00:00,0.5600000000000069,2025
-0.31,LONG,24164,2025-02-18 08:00:00,0.25000000000000694,2025
-0.28,LONG,24182,2025-02-19 12:00:00,-0.029999999999993088,2025
-0.27,LONG,24189,2025-02-19 19:00:00,-0.2999999999999931,2025
-0.18,SHORT,24211,2025-02-21 13:00:00,-0.4799999999999931,2025
0.5,LONG,24236,2025-02-25 10:00:00,0.0200000000000069,2025
-0.35,SHORT,24276,2025-02-28 08:00:00,-0.3299999999999931,2025
0.52,SHORT,24606,2025-04-02 16:00:00,0.19000000000000694,2025
0.55,LONG,24612,2025-04-03 08:00:00,0.740000000000007,2025
-0.41,SHORT,24626,2025-04-04 08:00:00,0.330000000000007,2025
-0.44,SHORT,24628,2025-04-04 10:00:00,-0.10999999999999299,2025
-0.45,SHORT,24630,2025-04-04 12:00:00,-0.559999999999993,2025
0.72,SHORT,24635,2025-04-04 17:00:00,0.16000000000000703,2025
0.88,SHORT,24646,2025-04-07 14:00:00,1.0400000000000071,2025
1.23,SHORT,24679,2025-04-09 19:00:00,2.270000000000007,2025
1.32,LONG,24690,2025-04-10 16:00:00,3.590000000000007,2025
-0.18,SHORT,24743,2025-04-16 13:00:00,3.410000000000007,2025
0.72,LONG,24759,2025-04-17 15:00:00,4.130000000000007,2025
-0.15,SHORT,24801,2025-04-24 15:00:00,3.980000000000007,2025
-0.31,LONG,24828,2025-04-28 14:00:00,3.670000000000007,2025
0.45,LONG,24850,2025-04-30 08:00:00,4.120000000000007,2025
0.48,SHORT,24872,2025-05-02 16:00:00,4.600000000000007,2025
-0.34,LONG,24878,2025-05-05 08:00:00,4.260000000000007,2025
-0.32,SHORT,24914,2025-05-07 16:00:00,3.940000000000007,2025
0.47,SHORT,24929,2025-05-08 17:00:00,4.410000000000007,2025
-0.31,LONG,24934,2025-05-09 08:00:00,4.100000000000008,2025
-0.31,LONG,24950,2025-05-12 10:00:00,3.7900000000000076,2025
-0.32,LONG,24958,2025-05-12 18:00:00,3.4700000000000077,2025
-0.32,LONG,24985,2025-05-14 17:00:00,3.150000000000008,2025
0.44,LONG,24996,2025-05-15 14:00:00,3.590000000000008,2025
-0.29,SHORT,25004,2025-05-16 08:00:00,3.300000000000008,2025
0.42,SHORT,25020,2025-05-19 10:00:00,3.7200000000000077,2025
0.43,LONG,25026,2025-05-19 16:00:00,4.1500000000000075,2025
-0.34,LONG,25048,2025-05-21 10:00:00,3.8100000000000076,2025
0.49,LONG,25074,2025-05-23 08:00:00,4.300000000000008,2025
-0.31,SHORT,25079,2025-05-23 13:00:00,3.9900000000000078,2025
0.54,SHORT,25090,2025-05-26 10:00:00,4.530000000000008,2025
0.47,SHORT,25130,2025-05-29 08:00:00,5.000000000000008,2025
0.45,LONG,25136,2025-05-29 14:00:00,5.450000000000008,2025
0.1,LONG,25187,2025-06-04 09:00:00,5.550000000000008,2025
0.47,SHORT,25207,2025-06-05 15:00:00,6.020000000000008,2025
-0.38,LONG,25209,2025-06-05 17:00:00,5.640000000000008,2025
0.59,LONG,25229,2025-06-09 09:00:00,6.2300000000000075,2025
0.55,SHORT,25233,2025-06-09 13:00:00,6.780000000000007,2025
0.45,LONG,25270,2025-06-12 08:00:00,7.2300000000000075,2025
-0.33,SHORT,25276,2025-06-12 14:00:00,6.9000000000000075,2025
0.52,SHORT,25292,2025-06-13 16:00:00,7.420000000000007,2025
-0.33,LONG,25298,2025-06-16 08:00:00,7.090000000000007,2025
-0.06,SHORT,25330,2025-06-18 12:00:00,7.030000000000007,2025
0.53,SHORT,25368,2025-06-23 08:00:00,7.560000000000008,2025
0.49,LONG,25374,2025-06-23 14:00:00,8.050000000000008,2025
0.55,LONG,25397,2025-06-25 09:00:00,8.600000000000009,2025
0.53,SHORT,25401,2025-06-25 13:00:00,9.130000000000008,2025
0.49,SHORT,25431,2025-06-27 15:00:00,9.620000000000008,2025
0.51,LONG,25453,2025-07-01 09:00:00,10.130000000000008,2025
0.48,SHORT,25467,2025-07-02 09:00:00,10.610000000000008,2025
0.46,LONG,25484,2025-07-03 12:00:00,11.07000000000001,2025
0.44,SHORT,25509,2025-07-07 09:00:00,11.510000000000009,2025
-0.27,LONG,25522,2025-07-08 08:00:00,11.240000000000009,2025
-0.28,LONG,25524,2025-07-08 10:00:00,10.96000000000001,2025
0.42,LONG,25547,2025-07-09 19:00:00,11.38000000000001,2025
0.38,SHORT,25557,2025-07-10 15:00:00,11.76000000000001,2025
-0.27,LONG,25566,2025-07-11 10:00:00,11.49000000000001,2025
0.4,LONG,25593,2025-07-15 09:00:00,11.890000000000011,2025
-0.26,SHORT,25627,2025-07-17 15:00:00,11.630000000000011,2025
-0.18,SHORT,25648,2025-07-21 08:00:00,11.450000000000012,2025
-0.25,SHORT,25652,2025-07-21 12:00:00,11.200000000000012,2025
-0.25,SHORT,25667,2025-07-22 13:00:00,10.950000000000012,2025
0.37,SHORT,25685,2025-07-23 17:00:00,11.320000000000011,2025
-0.25,LONG,25687,2025-07-23 19:00:00,11.070000000000011,2025
-0.27,LONG,25697,2025-07-24 15:00:00,10.800000000000011,2025
-0.3,LONG,25704,2025-07-25 08:00:00,10.50000000000001,2025
-0.29,LONG,25706,2025-07-25 10:00:00,10.210000000000012,2025
0.47,LONG,25714,2025-07-25 18:00:00,10.680000000000012,2025
-0.13,LONG,25774,2025-08-01 08:00:00,10.550000000000011,2025
0.46,LONG,25780,2025-08-01 14:00:00,11.010000000000012,2025
0.51,SHORT,25789,2025-08-04 09:00:00,11.520000000000012,2025
0.53,LONG,25792,2025-08-04 12:00:00,12.050000000000011,2025
0.42,SHORT,25850,2025-08-08 14:00:00,12.470000000000011,2025
-0.28,LONG,25862,2025-08-11 12:00:00,12.190000000000012,2025
-0.25,LONG,25879,2025-08-12 15:00:00,11.940000000000012,2025
0.4,LONG,25888,2025-08-13 10:00:00,12.340000000000012,2025
-0.45,SHORT,25901,2025-08-14 09:00:00,11.890000000000013,2025
-0.68,LONG,25920,2025-08-15 14:00:00,11.210000000000013,2025
-0.4,SHORT,25970,2025-08-21 08:00:00,10.810000000000013,2025
-0.2,LONG,25975,2025-08-21 13:00:00,10.610000000000014,2025
0.42,LONG,25992,2025-08-22 16:00:00,11.030000000000014,2025
0.4,SHORT,26002,2025-08-25 12:00:00,11.430000000000014,2025
-0.25,SHORT,26035,2025-08-27 17:00:00,11.180000000000014,2025
-0.26,LONG,26068,2025-09-01 08:00:00,10.920000000000014,2025
-0.25,LONG,26082,2025-09-02 08:00:00,10.670000000000014,2025
-0.24,LONG,26087,2025-09-02 13:00:00,10.430000000000014,2025
0.36,SHORT,26124,2025-09-05 08:00:00,10.790000000000013,2025
0.41,LONG,26131,2025-09-05 15:00:00,11.200000000000014,2025
-0.26,SHORT,26167,2025-09-10 09:00:00,10.940000000000014,2025
-0.01,SHORT,26179,2025-09-10 21:00:00,10.930000000000014,2025
-0.26,LONG,26200,2025-09-12 14:00:00,10.670000000000014,2025
0.41,LONG,26238,2025-09-17 10:00:00,11.080000000000014,2025
-0.32,LONG,26257,2025-09-18 15:00:00,10.760000000000014,2025
-0.08,LONG,26259,2025-09-18 17:00:00,10.680000000000014,2025
-0.27,LONG,26265,2025-09-19 09:00:00,10.410000000000014,2025
0.08,LONG,26306,2025-09-24 08:00:00,10.490000000000014,2025
0.31,LONG,26342,2025-09-26 16:00:00,10.800000000000015,2025
-0.1,SHORT,26348,2025-09-29 08:00:00,10.700000000000015,2025
-0.23,SHORT,26362,2025-09-30 08:00:00,10.470000000000015,2025
-0.1,LONG,26376,2025-10-01 08:00:00,10.370000000000015,2025
0.31,LONG,26382,2025-10-01 14:00:00,10.680000000000016,2025
0.34,SHORT,26418,2025-10-06 08:00:00,11.020000000000016,2025
-0.2,LONG,26434,2025-10-07 10:00:00,10.820000000000016,2025
0.31,LONG,26446,2025-10-08 08:00:00,11.130000000000017,2025
-0.2,SHORT,26450,2025-10-08 12:00:00,10.930000000000017,2025
0.32,SHORT,26468,2025-10-09 16:00:00,11.250000000000018,2025
0.31,LONG,26478,2025-10-10 12:00:00,11.560000000000018,2025
-0.21,SHORT,26494,2025-10-13 14:00:00,11.350000000000017,2025
-0.2,SHORT,26517,2025-10-15 09:00:00,11.150000000000018,2025
-0.22,SHORT,26540,2025-10-16 18:00:00,10.930000000000017,2025
-0.24,SHORT,26544,2025-10-17 08:00:00,10.690000000000017,2025
0.38,SHORT,26549,2025-10-17 13:00:00,11.070000000000018,2025
-0.21,LONG,26558,2025-10-20 08:00:00,10.860000000000017,2025
0.22,SHORT,26613,2025-10-23 21:00:00,11.080000000000018,2025
-0.21,LONG,26621,2025-10-24 15:00:00,10.870000000000017,2025
0.32,LONG,26643,2025-10-28 09:00:00,11.190000000000017,2025
-0.18,LONG,26668,2025-10-29 20:00:00,11.010000000000018,2025
-0.19,LONG,26708,2025-11-03 18:00:00,10.820000000000018,2025
0.27,SHORT,26734,2025-11-05 16:00:00,11.090000000000018,2025
-0.03,LONG,26736,2025-11-05 18:00:00,11.060000000000018,2025
0.27,LONG,26749,2025-11-06 17:00:00,11.330000000000018,2025
0.28,LONG,26775,2025-11-10 15:00:00,11.610000000000017,2025
0.26,SHORT,26800,2025-11-12 12:00:00,11.870000000000017,2025
-0.16,LONG,26817,2025-11-13 15:00:00,11.710000000000017,2025
0.28,SHORT,26880,2025-11-20 08:00:00,11.990000000000016,2025
0.29,LONG,26894,2025-11-21 08:00:00,12.280000000000015,2025
-0.16,SHORT,26896,2025-11-21 10:00:00,12.120000000000015,2025
-0.03,SHORT,26937,2025-11-26 09:00:00,12.090000000000016,2025
0.31,SHORT,26977,2025-12-01 08:00:00,12.400000000000016,2025
-0.17,LONG,26979,2025-12-01 10:00:00,12.230000000000016,2025
-0.17,LONG,26983,2025-12-01 14:00:00,12.060000000000016,2025
-0.18,LONG,26996,2025-12-02 13:00:00,11.880000000000017,2025
-0.16,LONG,27025,2025-12-04 14:00:00,11.720000000000017,2025
-0.04,SHORT,27034,2025-12-05 10:00:00,11.680000000000017,2025
-0.06,LONG,27043,2025-12-05 19:00:00,11.620000000000017,2025
-0.18,LONG,27050,2025-12-08 12:00:00,11.440000000000017,2025
-0.19,LONG,27054,2025-12-08 16:00:00,11.250000000000018,2025
0.31,LONG,27063,2025-12-09 11:00:00,11.560000000000018,2025
-0.21,LONG,27076,2025-12-10 10:00:00,11.350000000000017,2025
0.34,LONG,27087,2025-12-10 21:00:00,11.690000000000017,2025
0.31,LONG,27122,2025-12-15 15:00:00,12.000000000000018,2025
-0.2,LONG,27162,2025-12-18 14:00:00,11.800000000000018,2025
0.34,LONG,27164,2025-12-18 16:00:00,12.140000000000018,2025
-0.14,LONG,27179,2025-12-19 17:00:00,12.000000000000018,2025
-0.21,SHORT,27211,2025-12-29 08:00:00,11.790000000000017,2025
0.33,SHORT,27239,2026-01-02 08:00:00,12.120000000000017,2026
0.32,LONG,27242,2026-01-02 11:00:00,12.440000000000017,2026
0.33,LONG,27262,2026-01-05 17:00:00,12.770000000000017,2026
-0.22,SHORT,27275,2026-01-06 16:00:00,12.550000000000017,2026
-0.22,SHORT,27283,2026-01-07 10:00:00,12.330000000000016,2026
0.36,SHORT,27298,2026-01-08 11:00:00,12.690000000000015,2026
-0.19,SHORT,27358,2026-01-14 15:00:00,12.500000000000016,2026
0.08,SHORT,27400,2026-01-19 15:00:00,12.580000000000016,2026
-0.22,LONG,27411,2026-01-20 12:00:00,12.360000000000015,2026
0.35,LONG,27467,2026-01-26 12:00:00,12.710000000000015,2026
-0.23,SHORT,27508,2026-01-29 11:00:00,12.480000000000015,2026
-0.19,SHORT,27513,2026-01-29 16:00:00,12.290000000000015,2026
0.31,SHORT,27540,2026-02-02 15:00:00,12.600000000000016,2026
-0.19,LONG,27547,2026-02-03 08:00:00,12.410000000000016,2026
0.28,LONG,27570,2026-02-04 17:00:00,12.690000000000015,2026
-0.19,SHORT,27589,2026-02-06 08:00:00,12.500000000000016,2026
0.31,SHORT,27604,2026-02-09 09:00:00,12.810000000000016,2026
0.29,LONG,27617,2026-02-10 08:00:00,13.100000000000016,2026
-0.18,SHORT,27631,2026-02-11 08:00:00,12.920000000000016,2026
-0.18,SHORT,27656,2026-02-12 19:00:00,12.740000000000016,2026
-0.18,SHORT,27666,2026-02-13 15:00:00,12.560000000000016,2026
-0.2,SHORT,27692,2026-02-17 14:00:00,12.360000000000017,2026
-0.11,LONG,27714,2026-02-19 08:00:00,12.250000000000018,2026
0.25,LONG,27725,2026-02-19 19:00:00,12.500000000000018,2026
-0.16,SHORT,27752,2026-02-23 18:00:00,12.340000000000018,2026
-0.16,SHORT,27791,2026-02-26 15:00:00,12.180000000000017,2026
-0.14,SHORT,27798,2026-02-27 08:00:00,12.040000000000017,2026
-0.15,SHORT,27805,2026-02-27 15:00:00,11.890000000000017,2026
-0.15,SHORT,27807,2026-02-27 17:00:00,11.740000000000016,2026
