pnl,dir,src,ts,ix_e,ix_x,cumul,year
0.23,SHORT,RSI+BB,2018-05-11 15:00:00,74,91,0.23,2018
-0.23,LONG,RSI+BB,2018-05-14 11:00:00,100,101,0.0,2018
-0.24,LONG,RSI+BB,2018-05-15 08:00:00,102,112,-0.24,2018
-0.25,LONG,RSI+BB,2018-05-15 17:00:00,113,121,-0.49,2018
0.3,SHORT,RSI+BB,2018-05-16 16:00:00,133,134,-0.19,2018
0.3,LONG,RSI+BB,2018-05-17 12:00:00,142,145,0.10999999999999999,2018
-0.33,SHORT,RSI+BB,2018-05-21 09:00:00,164,170,-0.22000000000000003,2018
-0.32,SHORT,RSI+BB,2018-05-21 17:00:00,171,178,-0.54,2018
0.33,SHORT,RSI+BB,2018-05-22 08:00:00,179,183,-0.21000000000000002,2018
-0.31,SHORT,RSI+BB,2018-05-23 10:00:00,198,199,-0.52,2018
-0.33,SHORT,RSI+BB,2018-05-24 15:00:00,200,218,-0.8500000000000001,2018
-0.36,SHORT,RSI+BB,2018-05-25 12:00:00,219,229,-1.21,2018
-0.35,SHORT,RSI+BB,2018-05-25 15:00:00,231,232,-1.56,2018
0.37,SHORT,RSI+BB,2018-05-28 08:00:00,233,235,-1.19,2018
-0.46,SHORT,RSI+BB,2018-05-29 08:00:00,241,249,-1.65,2018
-0.47,SHORT,RSI+BB,2018-05-29 10:00:00,250,251,-2.12,2018
0.57,SHORT,RSI+BB,2018-05-29 12:00:00,252,253,-1.5500000000000003,2018
0.76,LONG,RSI+BB,2018-05-31 14:00:00,279,283,-0.7900000000000003,2018
-0.15,LONG,RSI+BB,2018-06-04 12:00:00,308,309,-0.9400000000000003,2018
0.59,LONG,RSI+BB,2018-06-05 14:00:00,314,325,-0.3500000000000003,2018
-0.01,SHORT,RSI+BB,2018-06-05 17:00:00,326,328,-0.3600000000000003,2018
-0.2,LONG,RSI+BB,2018-06-06 11:00:00,336,337,-0.5600000000000003,2018
-0.52,LONG,RSI+BB,2018-06-07 17:00:00,338,344,-1.0800000000000003,2018
0.61,LONG,RSI+BB,2018-06-07 20:00:00,345,346,-0.4700000000000003,2018
-1.08,LONG,RSI+BB,2018-06-14 13:00:00,379,384,-1.5500000000000003,2018
-0.72,SHORT,RSI+BB,2018-06-21 11:00:00,389,429,-2.2700000000000005,2018
-0.06,SHORT,RSI+BB,2018-06-26 08:00:00,430,470,-2.3300000000000005,2018
0.4,LONG,RSI+BB,2018-06-26 12:00:00,471,474,-1.9300000000000006,2018
0.36,SHORT,RSI+BB,2018-06-27 14:00:00,486,490,-1.5700000000000007,2018
0.33,LONG,RSI+BB,2018-06-29 12:00:00,513,516,-1.2400000000000007,2018
0.3,LONG,RSI+BB,2018-07-03 16:00:00,541,549,-0.9400000000000006,2018
-0.04,SHORT,RSI+BB,2018-07-04 09:00:00,550,556,-0.9800000000000006,2018
0.28,SHORT,RSI+BB,2018-07-04 18:00:00,557,565,-0.7000000000000006,2018
-0.28,LONG,RSI+BB,2018-07-05 10:00:00,566,572,-0.9800000000000006,2018
0.26,LONG,RSI+BB,2018-07-05 14:00:00,573,576,-0.7200000000000006,2018
-0.18,LONG,RSI+BB,2018-07-09 10:00:00,600,601,-0.9000000000000006,2018
-0.01,LONG,RSI+BB,2018-07-09 12:00:00,602,603,-0.9100000000000006,2018
0.24,LONG,RSI+BB,2018-07-10 14:00:00,615,619,-0.6700000000000006,2018
-0.02,SHORT,RSI+BB,2018-07-11 10:00:00,629,630,-0.6900000000000006,2018
0.25,SHORT,RSI+BB,2018-07-11 14:00:00,632,634,-0.4400000000000006,2018
-0.23,SHORT,RSI+BB,2018-07-13 11:00:00,660,661,-0.6700000000000006,2018
0.24,SHORT,RSI+BB,2018-07-13 17:00:00,662,667,-0.4300000000000006,2018
0.23,LONG,RSI+BB,2018-07-17 14:00:00,680,692,-0.2000000000000006,2018
-0.22,SHORT,RSI+BB,2018-07-18 09:00:00,693,701,-0.4200000000000006,2018
-0.21,SHORT,RSI+BB,2018-07-18 14:00:00,702,706,-0.6300000000000006,2018
-0.2,SHORT,RSI+BB,2018-07-19 18:00:00,721,725,-0.8300000000000005,2018
0.21,SHORT,RSI+BB,2018-07-20 10:00:00,730,731,-0.6200000000000006,2018
-0.09,LONG,RSI+BB,2018-07-20 17:00:00,737,738,-0.7100000000000005,2018
-0.25,LONG,RSI+BB,2018-07-23 08:00:00,739,744,-0.9600000000000005,2018
0.25,LONG,RSI+BB,2018-07-26 15:00:00,786,793,-0.7100000000000005,2018
-0.27,LONG,RSI+BB,2018-07-30 15:00:00,817,821,-0.9800000000000005,2018
0.22,SHORT,RSI+BB,2018-12-03 08:00:00,2058,2069,-0.7600000000000006,2018
0.22,LONG,RSI+BB,2018-12-03 12:00:00,2070,2073,-0.5400000000000006,2018
-0.22,SHORT,RSI+BB,2018-12-04 10:00:00,2084,2085,-0.7600000000000006,2018
-0.23,SHORT,RSI+BB,2018-12-04 18:00:00,2092,2093,-0.9900000000000005,2018
0.23,SHORT,RSI+BB,2018-12-05 14:00:00,2094,2103,-0.7600000000000006,2018
0.24,LONG,RSI+BB,2018-12-05 16:00:00,2104,2105,-0.5200000000000006,2018
-0.29,SHORT,RSI+BB,2018-12-06 08:00:00,2106,2111,-0.8100000000000005,2018
0.28,SHORT,RSI+BB,2018-12-07 11:00:00,2119,2128,-0.5300000000000005,2018
0.28,LONG,RSI+BB,2018-12-07 18:00:00,2133,2135,-0.25000000000000044,2018
0.29,LONG,RSI+BB,2018-12-11 14:00:00,2156,2159,0.039999999999999536,2018
0.3,SHORT,RSI+BB,2018-12-12 13:00:00,2162,2172,0.3399999999999995,2018
-0.36,LONG,RSI+BB,2018-12-12 17:00:00,2173,2176,-0.020000000000000462,2018
0.31,LONG,RSI+BB,2018-12-13 15:00:00,2177,2188,0.28999999999999954,2018
-0.06,SHORT,RSI+BB,2018-12-19 08:00:00,2197,2237,0.22999999999999954,2018
-0.26,SHORT,RSI+BB,2018-12-20 09:00:00,2250,2252,-0.03000000000000047,2018
-0.39,SHORT,RSI+BB,2019-01-02 08:00:00,2280,2307,-0.4200000000000005,2019
-0.27,SHORT,RSI+BB,2019-01-02 10:00:00,2308,2309,-0.6900000000000005,2019
-0.3,SHORT,RSI+BB,2019-01-02 14:00:00,2310,2313,-0.9900000000000004,2019
0.35,LONG,RSI+BB,2019-01-07 10:00:00,2344,2351,-0.6400000000000005,2019
0.3,LONG,RSI+BB,2019-01-09 16:00:00,2364,2385,-0.34000000000000047,2019
-0.28,SHORT,RSI+BB,2019-01-10 12:00:00,2386,2395,-0.6200000000000006,2019
-0.3,SHORT,RSI+BB,2019-01-11 15:00:00,2396,2412,-0.9200000000000006,2019
-0.3,SHORT,RSI+BB,2019-01-15 10:00:00,2413,2435,-1.2200000000000006,2019
-0.03,SHORT,RSI+BB,2019-01-15 12:00:00,2436,2437,-1.2500000000000007,2019
0.28,LONG,RSI+BB,2019-01-17 08:00:00,2450,2461,-0.9700000000000006,2019
0.27,SHORT,RSI+BB,2019-01-17 11:00:00,2462,2464,-0.7000000000000006,2019
-0.09,LONG,RSI+BB,2019-01-17 17:00:00,2469,2470,-0.7900000000000006,2019
-0.27,LONG,RSI+BB,2019-01-18 09:00:00,2471,2476,-1.0600000000000005,2019
0.29,LONG,RSI+BB,2019-01-18 15:00:00,2477,2482,-0.7700000000000005,2019
0.24,SHORT,RSI+BB,2019-01-22 10:00:00,2504,2505,-0.5300000000000005,2019
-0.06,SHORT,RSI+BB,2019-01-22 15:00:00,2509,2510,-0.5900000000000005,2019
0.23,SHORT,RSI+BB,2019-01-23 10:00:00,2516,2519,-0.36000000000000054,2019
-0.25,SHORT,RSI+BB,2019-01-24 12:00:00,2532,2535,-0.6100000000000005,2019
-0.25,SHORT,RSI+BB,2019-01-24 17:00:00,2536,2540,-0.8600000000000005,2019
0.26,LONG,RSI+BB,2019-01-29 08:00:00,2564,2573,-0.6000000000000005,2019
-0.1,SHORT,RSI+BB,2019-01-29 21:00:00,2585,2586,-0.7000000000000005,2019
-0.12,SHORT,RSI+BB,2019-01-30 16:00:00,2587,2595,-0.8200000000000005,2019
-0.24,SHORT,RSI+BB,2019-01-31 17:00:00,2600,2610,-1.0600000000000005,2019
0.26,SHORT,RSI+BB,2019-02-01 11:00:00,2611,2618,-0.8000000000000005,2019
-0.24,LONG,RSI+BB,2019-02-05 10:00:00,2638,2645,-1.0400000000000005,2019
0.24,LONG,RSI+BB,2019-02-05 15:00:00,2646,2650,-0.8000000000000005,2019
0.24,SHORT,RSI+BB,2019-02-06 13:00:00,2658,2662,-0.5600000000000005,2019
-0.02,SHORT,RSI+BB,2019-02-07 11:00:00,2672,2674,-0.5800000000000005,2019
-0.26,SHORT,RSI+BB,2019-02-07 16:00:00,2675,2679,-0.8400000000000005,2019
-0.27,SHORT,RSI+BB,2019-02-08 15:00:00,2680,2692,-1.1100000000000005,2019
0.27,SHORT,RSI+BB,2019-02-11 09:00:00,2693,2700,-0.8400000000000005,2019
0.25,LONG,RSI+BB,2019-02-12 10:00:00,2714,2715,-0.5900000000000005,2019
0.25,SHORT,RSI+BB,2019-02-13 14:00:00,2730,2733,-0.3400000000000005,2019
0.25,LONG,RSI+BB,2019-02-13 17:00:00,2734,2736,-0.09000000000000052,2019
-0.13,SHORT,RSI+BB,2019-02-19 08:00:00,2743,2783,-0.22000000000000053,2019
-0.13,SHORT,RSI+BB,2019-02-19 10:00:00,2784,2785,-0.35000000000000053,2019
0.23,SHORT,RSI+BB,2019-02-19 15:00:00,2786,2790,-0.12000000000000052,2019
0.23,SHORT,RSI+BB,2019-02-21 09:00:00,2800,2812,0.10999999999999949,2019
-0.23,LONG,RSI+BB,2019-02-21 13:00:00,2813,2816,-0.12000000000000052,2019
0.25,LONG,RSI+BB,2019-02-22 08:00:00,2817,2825,0.12999999999999948,2019
0.24,LONG,RSI+BB,2019-02-26 08:00:00,2841,2853,0.36999999999999944,2019
0.23,SHORT,RSI+BB,2019-02-26 11:00:00,2854,2856,0.5999999999999994,2019
-0.29,LONG,RSI+BB,2019-02-28 14:00:00,2875,2887,0.30999999999999944,2019
0.29,LONG,RSI+BB,2019-03-04 11:00:00,2896,2912,0.5999999999999994,2019
-0.28,SHORT,RSI+BB,2019-03-06 08:00:00,2914,2937,0.3199999999999994,2019
0.28,SHORT,RSI+BB,2019-03-06 16:00:00,2939,2945,0.5999999999999994,2019
0.45,LONG,RSI+BB,2019-03-07 13:00:00,2946,2956,1.0499999999999994,2019
0.4,LONG,RSI+BB,2019-03-07 15:00:00,2957,2958,1.4499999999999993,2019
-0.24,SHORT,RSI+BB,2019-03-12 14:00:00,2959,2999,1.2099999999999993,2019
-0.32,LONG,RSI+BB,2019-03-15 11:00:00,3021,3038,0.8899999999999992,2019
0.26,LONG,RSI+BB,2019-03-15 13:00:00,3039,3040,1.1499999999999992,2019
-0.05,LONG,RSI+BB,2019-03-19 14:00:00,3068,3069,1.0999999999999992,2019
0.26,LONG,RSI+BB,2019-03-20 09:00:00,3070,3078,1.3599999999999992,2019
-0.21,SHORT,RSI+BB,2019-03-20 19:00:00,3083,3088,1.1499999999999992,2019
-0.26,SHORT,RSI+BB,2019-03-21 08:00:00,3089,3091,0.8899999999999992,2019
-0.27,SHORT,RSI+BB,2019-03-21 13:00:00,3092,3096,0.6199999999999992,2019
-0.31,SHORT,RSI+BB,2019-03-22 14:00:00,3107,3111,0.3099999999999992,2019
0.32,SHORT,RSI+BB,2019-03-25 10:00:00,3112,3121,0.6299999999999992,2019
0.31,SHORT,RSI+BB,2019-03-26 08:00:00,3130,3133,0.9399999999999993,2019
-0.02,SHORT,RSI+BB,2019-03-27 10:00:00,3148,3149,0.9199999999999993,2019
0.31,SHORT,RSI+BB,2019-03-27 13:00:00,3150,3152,1.2299999999999993,2019
-0.35,SHORT,RSI+BB,2019-03-27 16:00:00,3154,3155,0.8799999999999993,2019
0.37,SHORT,RSI+BB,2019-03-29 08:00:00,3156,3175,1.2499999999999993,2019
-0.34,LONG,RSI+BB,2019-04-01 10:00:00,3179,3191,0.9099999999999993,2019
0.35,LONG,RSI+BB,2019-04-02 16:00:00,3198,3211,1.2599999999999993,2019
-0.32,LONG,RSI+BB,2019-04-03 14:00:00,3218,3223,0.9399999999999993,2019
-0.02,SHORT,RSI+BB,2019-04-04 10:00:00,3232,3233,0.9199999999999993,2019
-0.07,LONG,RSI+BB,2019-04-05 13:00:00,3246,3250,0.8499999999999992,2019
0.24,LONG,RSI+BB,2019-04-09 09:00:00,3273,3274,1.0899999999999992,2019
0.25,SHORT,RSI+BB,2019-04-09 11:00:00,3275,3276,1.3399999999999992,2019
-0.03,SHORT,RSI+BB,2019-04-09 18:00:00,3281,3283,1.3099999999999992,2019
-0.25,SHORT,RSI+BB,2019-04-10 16:00:00,3294,3295,1.0599999999999992,2019
0.26,SHORT,RSI+BB,2019-04-11 14:00:00,3296,3307,1.3199999999999992,2019
-0.27,LONG,RSI+BB,2019-04-12 10:00:00,3308,3317,1.0499999999999992,2019
-0.26,LONG,RSI+BB,2019-04-12 12:00:00,3318,3319,0.7899999999999991,2019
-0.27,LONG,RSI+BB,2019-04-12 16:00:00,3320,3323,0.5199999999999991,2019
0.26,LONG,RSI+BB,2019-04-16 12:00:00,3346,3347,0.7799999999999991,2019
0.28,LONG,RSI+BB,2019-04-17 15:00:00,3359,3364,1.0599999999999992,2019
-0.3,SHORT,RSI+BB,2019-04-18 16:00:00,3373,3379,0.7599999999999991,2019
0.29,LONG,RSI+BB,2019-04-24 08:00:00,3387,3399,1.0499999999999992,2019
-0.27,SHORT,RSI+BB,2019-04-24 15:00:00,3403,3406,0.7799999999999991,2019
0.27,SHORT,RSI+BB,2019-04-29 14:00:00,3407,3447,1.0499999999999992,2019
0.23,LONG,RSI+BB,2019-04-29 16:00:00,3448,3449,1.2799999999999991,2019
0.26,LONG,RSI+BB,2019-04-30 17:00:00,3458,3464,1.5399999999999991,2019
0.28,LONG,RSI+BB,2019-05-03 14:00:00,3485,3489,1.8199999999999992,2019
0.3,SHORT,RSI+BB,2019-05-06 12:00:00,3498,3501,2.119999999999999,2019
0.27,LONG,RSI+BB,2019-05-07 10:00:00,3512,3513,2.3899999999999992,2019
-0.29,SHORT,RSI+BB,2019-05-07 13:00:00,3514,3516,2.099999999999999,2019
-0.3,SHORT,RSI+BB,2019-05-08 12:00:00,3517,3529,1.7999999999999992,2019
0.29,SHORT,RSI+BB,2019-05-09 18:00:00,3541,3549,2.089999999999999,2019
0.28,LONG,RSI+BB,2019-05-13 09:00:00,3550,3568,2.369999999999999,2019
-0.28,SHORT,RSI+BB,2019-05-14 14:00:00,3569,3587,2.089999999999999,2019
-0.25,SHORT,RSI+BB,2019-05-15 11:00:00,3597,3598,1.839999999999999,2019
-0.26,SHORT,RSI+BB,2019-05-15 14:00:00,3599,3601,1.579999999999999,2019
0.27,SHORT,RSI+BB,2019-05-15 16:00:00,3602,3603,1.849999999999999,2019
0.28,LONG,RSI+BB,2019-05-17 08:00:00,3617,3623,2.129999999999999,2019
0.29,SHORT,RSI+BB,2019-05-17 16:00:00,3629,3631,2.419999999999999,2019
0.28,LONG,RSI+BB,2019-05-20 12:00:00,3639,3641,2.6999999999999993,2019
0.27,LONG,RSI+BB,2019-05-22 15:00:00,3657,3672,2.9699999999999993,2019
-0.26,SHORT,RSI+BB,2019-05-23 10:00:00,3676,3681,2.709999999999999,2019
-0.27,SHORT,RSI+BB,2019-05-23 18:00:00,3683,3689,2.439999999999999,2019
-0.23,SHORT,RSI+BB,2019-05-27 16:00:00,3710,3715,2.209999999999999,2019
-0.23,SHORT,RSI+BB,2019-05-28 10:00:00,3716,3723,1.979999999999999,2019
0.23,SHORT,RSI+BB,2019-05-28 13:00:00,3724,3726,2.209999999999999,2019
0.23,SHORT,RSI+BB,2019-05-30 08:00:00,3743,3749,2.439999999999999,2019
0.23,LONG,RSI+BB,2019-05-30 13:00:00,3750,3754,2.669999999999999,2019
-0.22,SHORT,RSI+BB,2019-05-31 11:00:00,3763,3766,2.449999999999999,2019
0.23,SHORT,RSI+BB,2019-05-31 14:00:00,3767,3769,2.679999999999999,2019
0.23,LONG,RSI+BB,2019-06-05 08:00:00,3800,3805,2.909999999999999,2019
0.22,SHORT,RSI+BB,2019-06-05 10:00:00,3806,3807,3.129999999999999,2019
-0.0,SHORT,RSI+BB,2019-06-05 16:00:00,3812,3813,3.129999999999999,2019
0.41,SHORT,RSI+BB,2019-06-06 14:00:00,3814,3825,3.539999999999999,2019
-0.41,SHORT,RSI+BB,2019-06-06 16:00:00,3826,3827,3.129999999999999,2019
0.37,SHORT,RSI+BB,2019-06-10 11:00:00,3840,3850,3.499999999999999,2019
-0.28,SHORT,RSI+BB,2019-06-14 08:00:00,3870,3903,3.219999999999999,2019
0.22,SHORT,RSI+BB,2019-06-17 11:00:00,3904,3920,3.439999999999999,2019
0.21,LONG,RSI+BB,2019-06-18 10:00:00,3921,3933,3.649999999999999,2019
-0.24,SHORT,RSI+BB,2019-06-18 13:00:00,3934,3936,3.4099999999999993,2019
0.26,SHORT,RSI+BB,2019-06-19 10:00:00,3937,3947,3.669999999999999,2019
0.28,LONG,RSI+BB,2019-06-20 08:00:00,3948,3959,3.9499999999999993,2019
-0.44,LONG,RSI+BB,2019-06-21 10:00:00,3974,3975,3.5099999999999993,2019
-0.34,SHORT,RSI+BB,2019-06-25 09:00:00,3988,4002,3.1699999999999995,2019
0.26,SHORT,RSI+BB,2019-06-26 11:00:00,4003,4018,3.4299999999999997,2019
-0.26,LONG,RSI+BB,2019-06-26 21:00:00,4019,4028,3.17,2019
-0.13,SHORT,RSI+BB,2019-06-28 16:00:00,4036,4051,3.04,2019
0.25,SHORT,RSI+BB,2019-07-01 08:00:00,4052,4057,3.29,2019
-0.26,SHORT,RSI+BB,2019-07-02 16:00:00,4065,4079,3.0300000000000002,2019
0.28,SHORT,RSI+BB,2019-07-05 14:00:00,4086,4119,3.3100000000000005,2019
-0.26,LONG,RSI+BB,2019-07-05 16:00:00,4120,4121,3.0500000000000007,2019
0.29,LONG,RSI+BB,2019-07-08 08:00:00,4122,4127,3.3400000000000007,2019
-0.22,LONG,RSI+BB,2019-07-10 08:00:00,4143,4155,3.1200000000000006,2019
-0.29,LONG,RSI+BB,2019-07-10 10:00:00,4156,4157,2.8300000000000005,2019
0.31,LONG,RSI+BB,2019-07-10 14:00:00,4158,4161,3.1400000000000006,2019
-0.35,LONG,RSI+BB,2019-07-11 14:00:00,4174,4175,2.7900000000000005,2019
-0.36,LONG,RSI+BB,2019-07-12 08:00:00,4176,4183,2.4300000000000006,2019
-0.37,SHORT,RSI+BB,2019-07-15 15:00:00,4200,4204,2.0600000000000005,2019
-0.36,SHORT,RSI+BB,2019-07-16 10:00:00,4205,4213,1.7000000000000006,2019
-0.34,SHORT,RSI+BB,2019-07-17 09:00:00,4214,4226,1.3600000000000005,2019
-0.33,SHORT,RSI+BB,2019-07-17 16:00:00,4227,4233,1.0300000000000005,2019
0.31,SHORT,RSI+BB,2019-07-18 15:00:00,4244,4246,1.3400000000000005,2019
-0.31,SHORT,RSI+BB,2019-07-22 14:00:00,4252,4273,1.0300000000000005,2019
-0.28,SHORT,RSI+BB,2019-07-24 09:00:00,4274,4296,0.7500000000000004,2019
-0.28,SHORT,RSI+BB,2019-07-25 10:00:00,4297,4311,0.4700000000000004,2019
0.32,SHORT,RSI+BB,2019-07-25 15:00:00,4315,4316,0.7900000000000005,2019
0.4,LONG,RSI+BB,2019-07-25 17:00:00,4317,4318,1.1900000000000004,2019
-0.34,SHORT,RSI+BB,2019-07-31 13:00:00,4338,4370,0.8500000000000003,2019
-0.24,SHORT,RSI+BB,2019-07-31 16:00:00,4371,4373,0.6100000000000003,2019
-0.25,SHORT,RSI+BB,2019-07-31 20:00:00,4374,4377,0.3600000000000003,2019
0.37,LONG,RSI+BB,2019-09-02 17:00:00,4692,4696,0.7300000000000003,2019
0.36,SHORT,RSI+BB,2019-09-03 14:00:00,4703,4707,1.0900000000000003,2019
0.44,LONG,RSI+BB,2019-09-04 16:00:00,4719,4723,1.5300000000000002,2019
-0.47,LONG,RSI+BB,2019-09-05 16:00:00,4733,4737,1.0600000000000003,2019
0.67,LONG,RSI+BB,2019-09-06 15:00:00,4738,4750,1.7300000000000004,2019
-0.39,LONG,RSI+BB,2019-09-09 15:00:00,4759,4764,1.3400000000000003,2019
-0.53,LONG,RSI+BB,2019-09-11 09:00:00,4765,4786,0.8100000000000003,2019
0.54,SHORT,RSI+BB,2019-09-12 15:00:00,4805,4806,1.3500000000000003,2019
0.67,LONG,RSI+BB,2019-09-16 11:00:00,4822,4830,2.0200000000000005,2019
-0.1,SHORT,RSI+BB,2019-09-18 11:00:00,4857,4858,1.9200000000000004,2019
-0.45,SHORT,RSI+BB,2019-09-20 21:00:00,4860,4896,1.4700000000000004,2019
-0.35,SHORT,RSI+BB,2019-09-23 09:00:00,4897,4898,1.1200000000000006,2019
-0.41,SHORT,RSI+BB,2019-09-24 16:00:00,4899,4919,0.7100000000000006,2019
0.4,SHORT,RSI+BB,2019-09-25 16:00:00,4920,4933,1.1100000000000008,2019
-0.18,LONG,RSI+BB,2019-09-25 18:00:00,4934,4935,0.9300000000000008,2019
0.42,LONG,RSI+BB,2019-09-26 12:00:00,4936,4943,1.3500000000000008,2019
0.41,LONG,RSI+BB,2019-09-30 16:00:00,4968,4975,1.7600000000000007,2019
-0.19,LONG,RSI+BB,2019-10-01 10:00:00,4982,4983,1.5700000000000007,2019
0.41,LONG,RSI+BB,2019-10-01 16:00:00,4984,4989,1.9800000000000006,2019
-0.42,SHORT,RSI+BB,2019-10-03 16:00:00,5010,5017,1.5600000000000007,2019
0.42,SHORT,RSI+BB,2019-10-07 19:00:00,5018,5048,1.9800000000000006,2019
0.31,LONG,RSI+BB,2019-10-08 10:00:00,5052,5053,2.2900000000000005,2019
-0.14,LONG,RSI+BB,2019-10-09 17:00:00,5069,5074,2.1500000000000004,2019
-0.32,LONG,RSI+BB,2019-10-10 11:00:00,5075,5082,1.8300000000000003,2019
-0.33,LONG,RSI+BB,2019-10-10 14:00:00,5083,5085,1.5000000000000002,2019
-0.34,LONG,RSI+BB,2019-10-10 16:00:00,5086,5087,1.1600000000000001,2019
-0.37,LONG,RSI+BB,2019-10-10 18:00:00,5088,5089,0.7900000000000001,2019
0.43,LONG,RSI+BB,2019-10-14 08:00:00,5099,5107,1.2200000000000002,2019
0.45,SHORT,RSI+BB,2019-10-15 08:00:00,5108,5121,1.6700000000000002,2019
0.4,SHORT,RSI+BB,2019-10-15 16:00:00,5123,5129,2.0700000000000003,2019
-0.44,LONG,RSI+BB,2019-10-16 15:00:00,5130,5142,1.6300000000000003,2019
0.46,LONG,RSI+BB,2019-10-17 14:00:00,5153,5155,2.0900000000000003,2019
0.4,LONG,RSI+BB,2019-10-22 10:00:00,5179,5193,2.49,2019
-0.35,SHORT,RSI+BB,2019-10-22 21:00:00,5194,5204,2.14,2019
0.36,SHORT,RSI+BB,2019-10-23 21:00:00,5206,5218,2.5,2019
0.37,LONG,RSI+BB,2019-10-24 15:00:00,5223,5226,2.87,2019
-0.37,LONG,RSI+BB,2019-10-28 09:00:00,5243,5248,2.5,2019
-0.37,LONG,RSI+BB,2019-10-28 15:00:00,5250,5254,2.13,2019
-0.97,SHORT,RSI+BB,2019-10-31 14:00:00,5263,5295,1.16,2019
-0.0,LONG,RSI+BB,2019-11-01 17:00:00,5311,5312,1.16,2019
-0.34,LONG,RSI+BB,2019-11-04 09:00:00,5313,5318,0.8199999999999998,2019
-0.35,LONG,RSI+BB,2019-11-05 08:00:00,5319,5331,0.46999999999999986,2019
-0.32,LONG,RSI+BB,2019-11-05 16:00:00,5332,5339,0.14999999999999986,2019
0.3,LONG,RSI+BB,2019-11-06 14:00:00,5349,5351,0.44999999999999984,2019
0.3,SHORT,RSI+BB,2019-11-07 11:00:00,5352,5362,0.7499999999999998,2019
-0.36,LONG,RSI+BB,2019-11-07 16:00:00,5363,5367,0.3899999999999998,2019
0.39,LONG,RSI+BB,2019-11-08 09:00:00,5369,5374,0.7799999999999998,2019
0.38,LONG,RSI+BB,2019-11-13 08:00:00,5397,5415,1.1599999999999997,2019
-0.03,SHORT,RSI+BB,2019-11-13 11:00:00,5417,5418,1.1299999999999997,2019
-0.34,SHORT,RSI+BB,2019-11-14 08:00:00,5419,5429,0.7899999999999996,2019
-0.32,SHORT,RSI+BB,2019-11-14 10:00:00,5430,5431,0.4699999999999996,2019
0.34,SHORT,RSI+BB,2019-11-15 08:00:00,5439,5443,0.8099999999999996,2019
0.31,LONG,RSI+BB,2019-11-18 15:00:00,5459,5464,1.1199999999999997,2019
0.28,SHORT,RSI+BB,2019-11-20 15:00:00,5486,5492,1.3999999999999997,2019
-0.37,LONG,RSI+BB,2019-11-21 16:00:00,5495,5507,1.0299999999999998,2019
-0.22,SHORT,RSI+BB,2019-11-26 14:00:00,5516,5547,0.8099999999999998,2019
0.04,SHORT,RSI+BB,2019-11-29 13:00:00,5548,5588,0.8499999999999999,2019
-0.22,LONG,RSI+BB,2019-12-02 08:00:00,5590,5597,0.6299999999999999,2019
-0.27,LONG,RSI+BB,2019-12-02 10:00:00,5598,5599,0.3599999999999999,2019
0.3,LONG,RSI+BB,2019-12-02 13:00:00,5600,5602,0.6599999999999999,2019
-0.92,SHORT,RSI+BB,2019-12-04 08:00:00,5615,5625,-0.2600000000000001,2019
0.48,SHORT,RSI+BB,2019-12-05 10:00:00,5634,5641,0.21999999999999986,2019
0.41,LONG,RSI+BB,2019-12-09 09:00:00,5660,5668,0.6299999999999999,2019
-0.06,SHORT,RSI+BB,2019-12-09 14:00:00,5669,5673,0.5699999999999998,2019
0.32,LONG,RSI+BB,2019-12-11 10:00:00,5683,5697,0.8899999999999999,2019
-0.01,SHORT,RSI+BB,2019-12-11 12:00:00,5698,5699,0.8799999999999999,2019
-0.33,LONG,RSI+BB,2019-12-12 17:00:00,5717,5718,0.5499999999999998,2019
-0.35,LONG,RSI+BB,2019-12-13 08:00:00,5719,5723,0.19999999999999984,2019
0.38,LONG,RSI+BB,2019-12-13 13:00:00,5724,5728,0.5799999999999998,2019
0.4,LONG,RSI+BB,2019-12-18 09:00:00,5747,5766,0.9799999999999999,2019
-0.33,LONG,RSI+BB,2019-12-18 16:00:00,5771,5773,0.6499999999999999,2019
-0.34,LONG,RSI+BB,2019-12-19 10:00:00,5774,5781,0.3099999999999999,2019
0.34,LONG,RSI+BB,2019-12-19 19:00:00,5782,5790,0.6499999999999999,2019
-0.32,SHORT,RSI+BB,2019-12-23 09:00:00,5802,5808,0.3299999999999999,2019
-0.27,LONG,RSI+BB,2019-12-30 10:00:00,5836,5837,0.05999999999999989,2019
-0.28,LONG,RSI+BB,2019-12-30 12:00:00,5838,5839,-0.22000000000000014,2019
-0.3,LONG,RSI+BB,2020-07-01 11:00:00,7609,7614,-0.5200000000000001,2020
-0.29,LONG,RSI+BB,2020-07-01 15:00:00,7616,7618,-0.81,2020
0.36,SHORT,RSI+BB,2020-07-06 08:00:00,7634,7653,-0.45000000000000007,2020
0.3,SHORT,RSI+BB,2020-07-07 12:00:00,7668,7671,-0.15000000000000008,2020
0.3,SHORT,RSI+BB,2020-07-08 16:00:00,7684,7689,0.1499999999999999,2020
-0.29,SHORT,RSI+BB,2020-07-10 11:00:00,7704,7712,-0.14000000000000007,2020
-0.58,LONG,RSI+BB,2020-07-13 13:00:00,7719,7728,-0.72,2020
-0.01,LONG,RSI+BB,2020-07-13 15:00:00,7729,7730,-0.73,2020
0.31,LONG,RSI+BB,2020-07-13 21:00:00,7731,7736,-0.42,2020
0.31,SHORT,RSI+BB,2020-07-15 12:00:00,7754,7755,-0.10999999999999999,2020
-0.24,SHORT,RSI+BB,2020-07-16 14:00:00,7766,7771,-0.35,2020
0.32,SHORT,RSI+BB,2020-07-17 15:00:00,7774,7786,-0.02999999999999997,2020
-0.19,LONG,RSI+BB,2020-07-20 08:00:00,7789,7793,-0.21999999999999997,2020
0.31,LONG,RSI+BB,2020-07-20 10:00:00,7794,7795,0.09000000000000002,2020
0.33,SHORT,RSI+BB,2020-07-21 08:00:00,7800,7807,0.42000000000000004,2020
-0.31,SHORT,RSI+BB,2020-07-22 15:00:00,7823,7828,0.11000000000000004,2020
0.31,SHORT,RSI+BB,2020-07-24 10:00:00,7829,7851,0.42000000000000004,2020
-0.22,LONG,RSI+BB,2020-07-24 12:00:00,7852,7853,0.20000000000000004,2020
-0.07,LONG,RSI+BB,2020-07-24 14:00:00,7854,7855,0.13000000000000003,2020
0.32,LONG,RSI+BB,2020-07-27 11:00:00,7856,7866,0.45000000000000007,2020
-0.24,SHORT,RSI+BB,2020-07-28 10:00:00,7868,7879,0.21000000000000008,2020
-0.31,SHORT,RSI+BB,2020-07-30 11:00:00,7884,7908,-0.09999999999999992,2020
-0.29,SHORT,RSI+BB,2020-07-31 08:00:00,7909,7919,-0.3899999999999999,2020
0.31,LONG,RSI+BB,2020-08-04 11:00:00,7927,7950,-0.0799999999999999,2020
-0.33,SHORT,RSI+BB,2020-08-04 21:00:00,7951,7960,-0.4099999999999999,2020
-0.03,LONG,RSI+BB,2020-08-06 08:00:00,7970,7975,-0.43999999999999995,2020
0.33,SHORT,RSI+BB,2020-08-10 08:00:00,7977,8003,-0.10999999999999993,2020
0.35,SHORT,RSI+BB,2020-08-11 12:00:00,8007,8021,0.24000000000000005,2020
-0.34,LONG,RSI+BB,2020-08-11 15:00:00,8022,8024,-0.09999999999999998,2020
-0.35,LONG,RSI+BB,2020-08-12 09:00:00,8025,8032,-0.44999999999999996,2020
-0.37,LONG,RSI+BB,2020-08-13 14:00:00,8033,8050,-0.82,2020
-0.38,LONG,RSI+BB,2020-08-13 19:00:00,8051,8055,-1.2,2020
0.4,LONG,RSI+BB,2020-08-14 10:00:00,8056,8060,-0.7999999999999999,2020
-0.36,SHORT,RSI+BB,2020-08-18 08:00:00,8078,8086,-1.16,2020
0.34,SHORT,RSI+BB,2020-08-18 14:00:00,8087,8092,-0.8199999999999998,2020
-0.35,SHORT,RSI+BB,2020-08-20 14:00:00,8102,8120,-1.17,2020
0.37,SHORT,RSI+BB,2020-08-24 12:00:00,8121,8146,-0.7999999999999999,2020
-0.07,LONG,RSI+BB,2020-08-25 10:00:00,8157,8158,-0.8699999999999999,2020
-0.31,LONG,RSI+BB,2020-08-25 12:00:00,8159,8160,-1.18,2020
-0.32,LONG,RSI+BB,2020-08-25 16:00:00,8161,8164,-1.5,2020
0.34,LONG,RSI+BB,2020-08-25 18:00:00,8165,8166,-1.16,2020
0.34,LONG,RSI+BB,2020-08-27 08:00:00,8171,8184,-0.8199999999999998,2020
0.36,SHORT,RSI+BB,2020-08-27 15:00:00,8188,8191,-0.45999999999999985,2020
0.16,LONG,RSI+BB,2020-09-01 15:00:00,8193,8233,-0.2999999999999998,2020
-0.41,SHORT,RSI+BB,2020-09-01 20:00:00,8235,8238,-0.7099999999999997,2020
-0.39,SHORT,RSI+BB,2020-09-02 14:00:00,8239,8246,-1.0999999999999996,2020
0.38,SHORT,RSI+BB,2020-09-04 18:00:00,8262,8278,-0.7199999999999996,2020
-0.0,LONG,RSI+BB,2020-09-04 20:00:00,8279,8280,-0.7199999999999996,2020
-0.36,LONG,RSI+BB,2020-09-07 08:00:00,8281,8282,-1.0799999999999996,2020
0.55,LONG,RSI+BB,2020-09-08 12:00:00,8283,8300,-0.5299999999999996,2020
0.44,SHORT,RSI+BB,2020-09-09 14:00:00,8302,8316,-0.08999999999999958,2020
-0.4,LONG,RSI+BB,2020-09-10 12:00:00,8318,8328,-0.4899999999999996,2020
0.35,LONG,RSI+BB,2020-09-17 14:00:00,8362,8400,-0.13999999999999962,2020
0.34,SHORT,RSI+BB,2020-09-18 08:00:00,8401,8408,0.2000000000000004,2020
-0.03,SHORT,RSI+BB,2020-09-21 12:00:00,8425,8426,0.1700000000000004,2020
0.35,SHORT,RSI+BB,2020-09-22 15:00:00,8427,8443,0.5200000000000004,2020
0.33,SHORT,RSI+BB,2020-09-23 11:00:00,8452,8453,0.8500000000000003,2020
-0.12,SHORT,RSI+BB,2020-09-24 11:00:00,8465,8467,0.7300000000000003,2020
0.32,SHORT,RSI+BB,2020-09-24 16:00:00,8468,8472,1.0500000000000003,2020
-0.18,SHORT,RSI+BB,2020-09-29 09:00:00,8482,8507,0.8700000000000003,2020
0.25,SHORT,RSI+BB,2020-09-30 15:00:00,8508,8527,1.1200000000000003,2020
-0.27,LONG,RSI+BB,2020-10-01 08:00:00,8528,8534,0.8500000000000003,2020
0.28,LONG,RSI+BB,2020-10-01 16:00:00,8535,8542,1.1300000000000003,2020
-0.3,LONG,RSI+BB,2020-10-05 21:00:00,8569,8575,0.8300000000000003,2020
0.31,SHORT,RSI+BB,2020-10-07 11:00:00,8589,8593,1.1400000000000003,2020
0.32,LONG,RSI+BB,2020-10-08 12:00:00,8595,8608,1.4600000000000004,2020
0.27,LONG,RSI+BB,2020-10-12 11:00:00,8628,8635,1.7300000000000004,2020
-0.22,SHORT,RSI+BB,2020-10-14 08:00:00,8647,8660,1.5100000000000005,2020
-0.21,SHORT,RSI+BB,2020-10-14 12:00:00,8662,8664,1.3000000000000005,2020
-0.21,SHORT,RSI+BB,2020-10-15 09:00:00,8665,8675,1.0900000000000005,2020
-0.23,SHORT,RSI+BB,2020-10-15 11:00:00,8676,8677,0.8600000000000005,2020
0.25,SHORT,RSI+BB,2020-10-15 17:00:00,8678,8683,1.1100000000000005,2020
0.28,LONG,RSI+BB,2020-10-19 15:00:00,8707,8709,1.3900000000000006,2020
-0.21,LONG,RSI+BB,2020-10-20 16:00:00,8721,8724,1.1800000000000006,2020
-0.28,LONG,RSI+BB,2020-10-21 08:00:00,8725,8730,0.9000000000000006,2020
0.28,LONG,RSI+BB,2020-10-21 13:00:00,8731,8735,1.1800000000000006,2020
-0.01,LONG,RSI+BB,2020-10-22 18:00:00,8753,8754,1.1700000000000006,2020
0.28,SHORT,RSI+BB,2020-10-26 11:00:00,8773,8775,1.4500000000000006,2020
-0.3,SHORT,RSI+BB,2020-10-28 08:00:00,8794,8800,1.1500000000000006,2020
0.29,SHORT,RSI+BB,2020-10-30 16:00:00,8802,8836,1.4400000000000006,2020
0.3,LONG,RSI+BB,2020-11-02 17:00:00,8845,8851,1.7400000000000007,2020
0.3,SHORT,RSI+BB,2020-11-03 09:00:00,8852,8857,2.0400000000000005,2020
0.31,SHORT,RSI+BB,2020-11-04 12:00:00,8871,8874,2.3500000000000005,2020
0.33,SHORT,RSI+BB,2020-11-05 14:00:00,8885,8890,2.6800000000000006,2020
-0.05,LONG,RSI+BB,2020-11-06 16:00:00,8905,8906,2.630000000000001,2020
0.33,LONG,RSI+BB,2020-11-09 09:00:00,8907,8913,2.960000000000001,2020
0.31,SHORT,RSI+BB,2020-11-09 12:00:00,8914,8916,3.270000000000001,2020
-0.36,LONG,RSI+BB,2020-11-09 14:00:00,8917,8918,2.910000000000001,2020
-0.41,LONG,RSI+BB,2020-11-09 16:00:00,8919,8920,2.500000000000001,2020
-0.44,LONG,RSI+BB,2020-11-10 14:00:00,8921,8932,2.060000000000001,2020
0.41,LONG,RSI+BB,2020-11-11 13:00:00,8942,8945,2.470000000000001,2020
-0.03,SHORT,RSI+BB,2020-11-12 15:00:00,8955,8961,2.4400000000000013,2020
-0.34,SHORT,RSI+BB,2020-11-13 13:00:00,8964,8973,2.1000000000000014,2020
0.33,SHORT,RSI+BB,2020-11-16 12:00:00,8974,8986,2.4300000000000015,2020
0.32,LONG,RSI+BB,2020-11-16 15:00:00,8987,8989,2.7500000000000013,2020
-0.21,SHORT,RSI+BB,2020-11-18 08:00:00,9002,9010,2.5400000000000014,2020
0.29,SHORT,RSI+BB,2020-11-18 15:00:00,9011,9017,2.8300000000000014,2020
0.29,LONG,RSI+BB,2020-11-19 09:00:00,9021,9025,3.1200000000000014,2020
-0.0,SHORT,RSI+BB,2020-11-20 11:00:00,9039,9041,3.1200000000000014,2020
0.25,SHORT,RSI+BB,2020-11-24 08:00:00,9044,9066,3.3700000000000014,2020
0.25,LONG,RSI+BB,2020-11-25 11:00:00,9076,9083,3.6200000000000014,2020
-0.11,SHORT,RSI+BB,2020-11-26 14:00:00,9084,9100,3.5100000000000016,2020
-0.0,LONG,RSI+BB,2020-11-30 14:00:00,9127,9128,3.5100000000000016,2020
-0.21,LONG,RSI+BB,2020-12-01 10:00:00,9130,9138,3.3000000000000016,2020
-0.24,LONG,RSI+BB,2020-12-01 15:00:00,9139,9143,3.0600000000000014,2020
-0.26,LONG,RSI+BB,2020-12-01 17:00:00,9144,9145,2.8000000000000016,2020
0.27,LONG,RSI+BB,2020-12-03 11:00:00,9146,9167,3.0700000000000016,2020
-0.27,SHORT,RSI+BB,2020-12-04 14:00:00,9168,9184,2.8000000000000016,2020
0.28,LONG,RSI+BB,2020-12-07 08:00:00,9185,9192,3.080000000000002,2020
-0.42,SHORT,RSI+BB,2020-12-08 08:00:00,9193,9206,2.660000000000002,2020
-0.36,SHORT,RSI+BB,2020-12-10 09:00:00,9209,9235,2.300000000000002,2020
0.3,SHORT,RSI+BB,2020-12-10 13:00:00,9237,9239,2.600000000000002,2020
0.33,LONG,RSI+BB,2020-12-10 19:00:00,9241,9245,2.930000000000002,2020
0.35,SHORT,RSI+BB,2020-12-14 14:00:00,9251,9268,3.280000000000002,2020
-0.45,LONG,RSI+BB,2020-12-16 10:00:00,9269,9292,2.830000000000002,2020
-0.29,LONG,RSI+BB,2020-12-16 13:00:00,9293,9295,2.540000000000002,2020
0.3,LONG,RSI+BB,2020-12-17 11:00:00,9296,9307,2.8400000000000016,2020
0.33,SHORT,RSI+BB,2020-12-21 15:00:00,9333,9339,3.1700000000000017,2020
-0.0,LONG,RSI+BB,2020-12-23 16:00:00,9367,9368,3.1700000000000017,2020
0.35,LONG,RSI+BB,2020-12-28 17:00:00,9369,9383,3.520000000000002,2020
-0.32,SHORT,RSI+BB,2021-01-04 09:00:00,9384,9417,3.200000000000002,2021
0.33,SHORT,RSI+BB,2021-01-04 15:00:00,9418,9423,3.530000000000002,2021
-0.33,LONG,RSI+BB,2021-01-06 08:00:00,9440,9444,3.200000000000002,2021
0.34,LONG,RSI+BB,2021-01-06 14:00:00,9445,9450,3.540000000000002,2021
0.32,SHORT,RSI+BB,2021-01-11 14:00:00,9479,9492,3.8600000000000017,2021
-0.32,LONG,RSI+BB,2021-01-11 17:00:00,9493,9495,3.540000000000002,2021
-0.33,LONG,RSI+BB,2021-01-12 10:00:00,9496,9502,3.2100000000000017,2021
0.32,LONG,RSI+BB,2021-01-13 09:00:00,9503,9515,3.5300000000000016,2021
-0.4,SHORT,RSI+BB,2021-01-13 19:00:00,9522,9525,3.1300000000000017,2021
0.32,SHORT,RSI+BB,2021-01-18 14:00:00,9534,9562,3.4500000000000015,2021
-0.03,LONG,RSI+BB,2021-01-21 13:00:00,9563,9603,3.4200000000000017,2021
-0.25,LONG,RSI+BB,2021-01-21 15:00:00,9604,9605,3.1700000000000017,2021
0.29,LONG,RSI+BB,2021-01-22 12:00:00,9606,9616,3.4600000000000017,2021
-0.18,SHORT,RSI+BB,2021-01-25 11:00:00,9628,9629,3.2800000000000016,2021
-0.27,SHORT,RSI+BB,2021-01-26 08:00:00,9632,9640,3.0100000000000016,2021
-0.33,SHORT,RSI+BB,2021-01-27 15:00:00,9659,9661,2.6800000000000015,2021
0.3,SHORT,RSI+BB,2021-01-28 15:00:00,9662,9675,2.9800000000000013,2021
-0.19,LONG,RSI+BB,2021-01-29 09:00:00,9679,9683,2.7900000000000014,2021
-0.02,LONG,RSI+BB,2021-01-29 11:00:00,9684,9685,2.7700000000000014,2021
-0.31,LONG,RSI+BB,2021-02-02 09:00:00,9686,9711,2.4600000000000013,2021
-0.31,LONG,RSI+BB,2021-02-02 16:00:00,9712,9718,2.1500000000000012,2021
-0.3,LONG,RSI+BB,2021-02-04 14:00:00,9725,9744,1.8500000000000012,2021
-0.31,LONG,RSI+BB,2021-02-05 13:00:00,9746,9757,1.5400000000000011,2021
0.3,LONG,RSI+BB,2021-02-05 15:00:00,9758,9759,1.8400000000000012,2021
-0.43,SHORT,RSI+BB,2021-02-11 09:00:00,9776,9809,1.4100000000000013,2021
0.29,SHORT,RSI+BB,2021-02-12 13:00:00,9810,9827,1.7000000000000013,2021
-0.27,LONG,RSI+BB,2021-02-12 15:00:00,9828,9829,1.4300000000000013,2021
-0.29,LONG,RSI+BB,2021-02-15 08:00:00,9830,9836,1.1400000000000012,2021
-0.29,LONG,RSI+BB,2021-02-16 12:00:00,9837,9854,0.8500000000000012,2021
-0.29,LONG,RSI+BB,2021-02-16 20:00:00,9855,9862,0.5600000000000012,2021
-0.32,LONG,RSI+BB,2021-02-18 15:00:00,9883,9885,0.24000000000000116,2021
-0.06,LONG,RSI+BB,2021-02-19 08:00:00,9886,9892,0.18000000000000116,2021
-0.34,LONG,RSI+BB,2021-02-19 19:00:00,9893,9903,-0.15999999999999887,2021
0.35,LONG,RSI+BB,2021-02-22 10:00:00,9907,9908,0.1900000000000011,2021
0.39,SHORT,RSI+BB,2021-02-23 10:00:00,9913,9922,0.5800000000000012,2021
-0.13,LONG,RSI+BB,2021-02-24 16:00:00,9941,9942,0.4500000000000012,2021
-0.45,LONG,RSI+BB,2021-02-25 16:00:00,9950,9956,1.1657341758564144e-15,2021
-0.52,LONG,RSI+BB,2021-02-25 19:00:00,9957,9959,-0.5199999999999989,2021
-0.02,LONG,RSI+BB,2021-06-01 12:00:00,10836,10876,-0.5399999999999989,2021
-0.02,SHORT,RSI+BB,2021-06-02 14:00:00,10891,10892,-0.5599999999999989,2021
-0.25,SHORT,RSI+BB,2021-06-03 10:00:00,10896,10902,-0.8099999999999989,2021
-0.34,SHORT,RSI+BB,2021-06-04 15:00:00,10903,10921,-1.149999999999999,2021
-0.31,SHORT,RSI+BB,2021-06-08 14:00:00,10922,10948,-1.459999999999999,2021
-0.28,SHORT,RSI+BB,2021-06-09 11:00:00,10949,10959,-1.739999999999999,2021
0.26,SHORT,RSI+BB,2021-06-10 11:00:00,10962,10973,-1.479999999999999,2021
-0.29,SHORT,RSI+BB,2021-06-11 10:00:00,10984,10986,-1.7699999999999991,2021
0.31,SHORT,RSI+BB,2021-06-14 09:00:00,10987,10999,-1.459999999999999,2021
-0.28,LONG,RSI+BB,2021-06-15 15:00:00,11006,11019,-1.739999999999999,2021
0.28,LONG,RSI+BB,2021-06-17 15:00:00,11039,11047,-1.459999999999999,2021
-0.0,SHORT,RSI+BB,2021-06-18 16:00:00,11060,11062,-1.459999999999999,2021
-0.36,LONG,RSI+BB,2021-06-22 09:00:00,11075,11083,-1.819999999999999,2021
0.35,LONG,RSI+BB,2021-06-22 12:00:00,11084,11086,-1.4699999999999989,2021
0.33,SHORT,RSI+BB,2021-06-23 19:00:00,11102,11107,-1.1399999999999988,2021
-0.22,LONG,RSI+BB,2021-06-25 16:00:00,11128,11132,-1.3599999999999988,2021
0.29,LONG,RSI+BB,2021-06-28 14:00:00,11133,11144,-1.0699999999999987,2021
0.27,SHORT,RSI+BB,2021-06-29 14:00:00,11148,11158,-0.7999999999999987,2021
0.27,LONG,RSI+BB,2021-06-30 10:00:00,11159,11168,-0.5299999999999987,2021
-0.07,SHORT,RSI+BB,2021-06-30 12:00:00,11169,11170,-0.5999999999999988,2021
-0.26,SHORT,RSI+BB,2021-06-30 17:00:00,11171,11175,-0.8599999999999988,2021
0.27,LONG,RSI+BB,2021-07-01 14:00:00,11184,11186,-0.5899999999999987,2021
-0.27,SHORT,RSI+BB,2021-07-02 12:00:00,11196,11198,-0.8599999999999988,2021
0.27,SHORT,RSI+BB,2021-07-05 13:00:00,11199,11213,-0.5899999999999987,2021
0.26,LONG,RSI+BB,2021-07-06 11:00:00,11216,11225,-0.32999999999999874,2021
-0.25,SHORT,RSI+BB,2021-07-06 15:00:00,11226,11229,-0.5799999999999987,2021
-0.27,SHORT,RSI+BB,2021-07-06 17:00:00,11230,11231,-0.8499999999999988,2021
-0.28,SHORT,RSI+BB,2021-07-07 10:00:00,11232,11238,-1.1299999999999988,2021
-0.29,SHORT,RSI+BB,2021-07-08 08:00:00,11244,11250,-1.4199999999999988,2021
-0.3,SHORT,RSI+BB,2021-07-08 10:00:00,11251,11252,-1.7199999999999989,2021
0.31,SHORT,RSI+BB,2021-07-08 14:00:00,11253,11256,-1.4099999999999988,2021
0.31,SHORT,RSI+BB,2021-07-13 19:00:00,11280,11303,-1.0999999999999988,2021
0.31,LONG,RSI+BB,2021-07-14 11:00:00,11304,11309,-0.7899999999999987,2021
-0.29,SHORT,RSI+BB,2021-07-19 14:00:00,11350,11354,-1.0799999999999987,2021
-0.31,SHORT,RSI+BB,2021-07-20 11:00:00,11357,11365,-1.3899999999999988,2021
0.33,SHORT,RSI+BB,2021-07-20 16:00:00,11366,11370,-1.0599999999999987,2021
-0.0,SHORT,RSI+BB,2021-07-22 18:00:00,11399,11400,-1.0599999999999987,2021
0.36,SHORT,RSI+BB,2021-07-26 14:00:00,11419,11424,-0.6999999999999987,2021
-0.1,SHORT,RSI+BB,2021-07-27 15:00:00,11434,11439,-0.7999999999999987,2021
0.32,SHORT,RSI+BB,2021-07-29 12:00:00,11451,11464,-0.4799999999999987,2021
0.34,LONG,RSI+BB,2021-07-29 17:00:00,11465,11469,-0.13999999999999868,2021
0.32,SHORT,RSI+BB,2021-09-03 14:00:00,11814,11830,0.18000000000000133,2021
-0.29,LONG,RSI+BB,2021-09-07 08:00:00,11831,11851,-0.10999999999999865,2021
-0.44,LONG,RSI+BB,2021-09-07 11:00:00,11852,11854,-0.5499999999999987,2021
0.44,LONG,RSI+BB,2021-09-09 15:00:00,11855,11886,-0.10999999999999871,2021
-0.36,SHORT,RSI+BB,2021-09-09 19:00:00,11887,11890,-0.4699999999999987,2021
0.36,SHORT,RSI+BB,2021-09-10 09:00:00,11891,11894,-0.10999999999999871,2021
0.29,LONG,RSI+BB,2021-09-14 14:00:00,11923,11927,0.18000000000000127,2021
-0.45,LONG,RSI+BB,2021-09-16 08:00:00,11942,11949,-0.26999999999999874,2021
-0.05,LONG,RSI+BB,2021-09-17 09:00:00,11963,11964,-0.31999999999999873,2021
0.31,LONG,RSI+BB,2021-09-20 09:00:00,11966,11978,-0.009999999999998732,2021
0.16,SHORT,RSI+BB,2021-09-23 08:00:00,11979,12019,0.15000000000000127,2021
-0.34,LONG,RSI+BB,2021-09-23 15:00:00,12020,12026,-0.18999999999999875,2021
-0.38,LONG,RSI+BB,2021-09-24 08:00:00,12027,12033,-0.5699999999999987,2021
0.37,LONG,RSI+BB,2021-09-29 09:00:00,12062,12076,-0.19999999999999873,2021
-0.25,LONG,RSI+BB,2021-09-30 15:00:00,12087,12096,-0.44999999999999873,2021
0.36,LONG,RSI+BB,2021-10-01 08:00:00,12097,12103,-0.08999999999999875,2021
0.35,SHORT,RSI+BB,2021-10-05 16:00:00,12104,12139,0.26000000000000123,2021
-0.34,LONG,RSI+BB,2021-10-06 08:00:00,12140,12145,-0.0799999999999988,2021
0.33,LONG,RSI+BB,2021-10-06 14:00:00,12146,12151,0.2500000000000012,2021
0.33,LONG,RSI+BB,2021-10-08 14:00:00,12175,12179,0.5800000000000012,2021
-0.35,LONG,RSI+BB,2021-10-12 15:00:00,12188,12208,0.2300000000000012,2021
-0.34,LONG,RSI+BB,2021-10-12 18:00:00,12209,12211,-0.10999999999999882,2021
0.35,LONG,RSI+BB,2021-10-13 10:00:00,12212,12217,0.24000000000000116,2021
-0.27,SHORT,RSI+BB,2021-10-13 15:00:00,12218,12222,-0.02999999999999886,2021
-0.39,SHORT,RSI+BB,2021-10-14 16:00:00,12234,12237,-0.4199999999999989,2021
0.38,LONG,RSI+BB,2021-10-19 08:00:00,12259,12271,-0.03999999999999887,2021
0.42,SHORT,RSI+BB,2021-10-19 10:00:00,12272,12273,0.3800000000000011,2021
-0.44,LONG,RSI+BB,2021-10-21 19:00:00,12278,12310,-0.05999999999999889,2021
0.4,LONG,RSI+BB,2021-10-22 09:00:00,12311,12314,0.34000000000000113,2021
-0.41,SHORT,RSI+BB,2021-10-27 12:00:00,12344,12359,-0.06999999999999884,2021
-0.39,SHORT,RSI+BB,2021-10-27 18:00:00,12360,12365,-0.45999999999999885,2021
0.48,LONG,RSI+BB,2021-10-28 16:00:00,12376,12377,0.020000000000001128,2021
0.53,LONG,RSI+BB,2021-11-02 08:00:00,12385,12411,0.5500000000000012,2021
-0.51,SHORT,RSI+BB,2021-11-02 16:00:00,12413,12419,0.040000000000001146,2021
0.44,SHORT,RSI+BB,2021-11-03 15:00:00,12427,12432,0.48000000000000115,2021
-0.14,SHORT,RSI+BB,2021-11-04 12:00:00,12441,12443,0.34000000000000113,2021
-0.45,SHORT,RSI+BB,2021-11-04 15:00:00,12444,12446,-0.10999999999999888,2021
-0.48,SHORT,RSI+BB,2021-11-05 14:00:00,12447,12459,-0.5899999999999989,2021
0.47,SHORT,RSI+BB,2021-11-08 18:00:00,12460,12477,-0.11999999999999889,2021
-0.2,SHORT,RSI+BB,2021-11-09 14:00:00,12485,12487,-0.3199999999999989,2021
-0.03,SHORT,RSI+BB,2021-11-09 16:00:00,12488,12489,-0.34999999999999887,2021
-0.44,LONG,RSI+BB,2021-11-10 19:00:00,12503,12506,-0.7899999999999989,2021
0.44,LONG,RSI+BB,2021-11-12 15:00:00,12507,12530,-0.3499999999999989,2021
-0.42,SHORT,RSI+BB,2021-11-15 08:00:00,12533,12537,-0.7699999999999989,2021
0.41,SHORT,RSI+BB,2021-11-15 12:00:00,12538,12541,-0.35999999999999893,2021
-0.69,SHORT,RSI+BB,2021-11-19 10:00:00,12556,12595,-1.049999999999999,2021
-0.39,SHORT,RSI+BB,2021-11-19 13:00:00,12596,12598,-1.439999999999999,2021
0.41,SHORT,RSI+BB,2021-11-22 17:00:00,12599,12616,-1.0299999999999991,2021
-0.78,LONG,RSI+BB,2021-11-23 12:00:00,12617,12625,-1.8099999999999992,2021
0.42,SHORT,RSI+BB,2021-11-29 14:00:00,12664,12683,-1.3899999999999992,2021
-0.22,SHORT,RSI+BB,2021-11-30 10:00:00,12692,12693,-1.6099999999999992,2021
1.22,LONG,RSI+BB,2022-10-03 13:00:00,15700,15706,-0.38999999999999924,2022
-1.21,SHORT,RSI+BB,2022-10-03 17:00:00,15707,15710,-1.5999999999999992,2022
-1.24,SHORT,RSI+BB,2022-10-04 09:00:00,15711,15716,-2.839999999999999,2022
1.2,SHORT,RSI+BB,2022-10-05 08:00:00,15717,15729,-1.639999999999999,2022
-0.35,LONG,RSI+BB,2022-10-05 11:00:00,15731,15732,-1.9899999999999989,2022
-1.08,LONG,RSI+BB,2022-10-07 08:00:00,15738,15757,-3.069999999999999,2022
-0.93,LONG,RSI+BB,2022-10-10 16:00:00,15758,15779,-3.999999999999999,2022
-0.94,LONG,RSI+BB,2022-10-12 12:00:00,15780,15803,-4.9399999999999995,2022
0.92,LONG,RSI+BB,2022-10-12 20:00:00,15804,15811,-4.02,2022
0.92,SHORT,RSI+BB,2022-10-13 15:00:00,15819,15820,-3.0999999999999996,2022
1.13,SHORT,RSI+BB,2022-10-14 15:00:00,15828,15834,-1.9699999999999998,2022
1.23,LONG,RSI+BB,2022-10-17 09:00:00,15837,15842,-0.7399999999999998,2022
-1.04,LONG,RSI+BB,2022-10-19 13:00:00,15852,15874,-1.7799999999999998,2022
0.91,LONG,RSI+BB,2022-10-20 14:00:00,15884,15889,-0.8699999999999998,2022
0.92,SHORT,RSI+BB,2022-10-24 10:00:00,15912,15913,0.050000000000000266,2022
-0.94,SHORT,RSI+BB,2022-10-25 15:00:00,15926,15932,-0.8899999999999997,2022
-0.95,SHORT,RSI+BB,2022-10-27 14:00:00,15933,15959,-1.8399999999999996,2022
-0.9,SHORT,RSI+BB,2022-10-27 16:00:00,15960,15961,-2.7399999999999998,2022
0.97,SHORT,RSI+BB,2022-10-28 11:00:00,15962,15970,-1.7699999999999998,2022
-0.37,LONG,RSI+BB,2022-11-02 10:00:00,15971,16011,-2.1399999999999997,2022
-0.09,LONG,RSI+BB,2022-11-03 08:00:00,16022,16023,-2.2299999999999995,2022
-0.83,LONG,RSI+BB,2022-11-07 08:00:00,16024,16051,-3.0599999999999996,2022
0.79,LONG,RSI+BB,2022-11-07 11:00:00,16052,16054,-2.2699999999999996,2022
-0.45,SHORT,RSI+BB,2022-11-08 21:00:00,16073,16078,-2.7199999999999998,2022
-0.73,SHORT,RSI+BB,2022-11-09 17:00:00,16080,16088,-3.4499999999999997,2022
-0.77,SHORT,RSI+BB,2022-11-10 14:00:00,16089,16099,-4.22,2022
0.83,SHORT,RSI+BB,2022-11-11 12:00:00,16100,16111,-3.3899999999999997,2022
0.78,SHORT,RSI+BB,2022-11-14 17:00:00,16125,16130,-2.6099999999999994,2022
-0.17,SHORT,RSI+BB,2022-11-15 12:00:00,16138,16139,-2.7799999999999994,2022
0.74,SHORT,RSI+BB,2022-11-15 19:00:00,16140,16146,-2.039999999999999,2022
-0.85,SHORT,RSI+BB,2022-11-17 09:00:00,16156,16164,-2.8899999999999992,2022
-0.08,LONG,RSI+BB,2022-11-22 12:00:00,16169,16209,-2.9699999999999993,2022
-0.4,SHORT,RSI+BB,2022-11-23 15:00:00,16213,16226,-3.369999999999999,2022
-0.68,SHORT,RSI+BB,2022-11-24 08:00:00,16227,16233,-4.049999999999999,2022
-0.68,SHORT,RSI+BB,2022-11-24 11:00:00,16234,16236,-4.729999999999999,2022
0.68,SHORT,RSI+BB,2022-11-25 08:00:00,16237,16247,-4.049999999999999,2022
-1.45,LONG,RSI+BB,2022-11-28 12:00:00,16248,16265,-5.499999999999999,2022
-0.19,SHORT,RSI+BB,2022-11-29 10:00:00,16276,16277,-5.6899999999999995,2022
0.65,SHORT,RSI+BB,2022-11-30 08:00:00,16278,16289,-5.039999999999999,2022
-0.0,SHORT,RSI+BB,2022-11-30 21:00:00,16301,16302,-5.039999999999999,2022
-0.32,LONG,RSI+BB,2024-04-02 12:00:00,21048,21051,-5.359999999999999,2024
-0.35,LONG,RSI+BB,2024-04-02 15:00:00,21052,21054,-5.709999999999999,2024
0.36,LONG,RSI+BB,2024-04-02 18:00:00,21055,21057,-5.349999999999999,2024
0.36,SHORT,RSI+BB,2024-04-03 15:00:00,21065,21068,-4.989999999999998,2024
0.38,LONG,RSI+BB,2024-04-03 18:00:00,21069,21071,-4.6099999999999985,2024
0.4,SHORT,RSI+BB,2024-04-05 11:00:00,21088,21092,-4.209999999999998,2024
0.4,LONG,RSI+BB,2024-04-09 11:00:00,21104,21120,-3.8099999999999983,2024
-0.35,SHORT,RSI+BB,2024-04-10 08:00:00,21122,21131,-4.159999999999998,2024
0.34,SHORT,RSI+BB,2024-04-10 14:00:00,21134,21137,-3.8199999999999985,2024
-0.4,LONG,RSI+BB,2024-04-10 19:00:00,21138,21142,-4.219999999999999,2024
0.44,SHORT,RSI+BB,2024-04-11 16:00:00,21152,21153,-3.779999999999999,2024
-0.49,SHORT,RSI+BB,2024-04-12 14:00:00,21161,21165,-4.269999999999999,2024
0.49,SHORT,RSI+BB,2024-04-15 08:00:00,21166,21173,-3.7799999999999985,2024
-0.97,LONG,RSI+BB,2024-04-16 15:00:00,21174,21194,-4.749999999999998,2024
0.48,LONG,RSI+BB,2024-04-17 15:00:00,21195,21208,-4.269999999999998,2024
0.42,SHORT,RSI+BB,2024-04-18 15:00:00,21213,21222,-3.849999999999998,2024
-0.2,LONG,RSI+BB,2024-04-18 18:00:00,21223,21225,-4.049999999999998,2024
0.42,LONG,RSI+BB,2024-04-22 16:00:00,21246,21251,-3.629999999999998,2024
0.42,LONG,RSI+BB,2024-04-23 15:00:00,21263,21264,-3.209999999999998,2024
-0.27,LONG,RSI+BB,2024-04-24 13:00:00,21272,21276,-3.479999999999998,2024
-0.4,LONG,RSI+BB,2024-04-24 16:00:00,21277,21279,-3.879999999999998,2024
-0.41,LONG,RSI+BB,2024-04-25 15:00:00,21280,21292,-4.289999999999998,2024
0.4,LONG,RSI+BB,2024-04-26 08:00:00,21293,21299,-3.8899999999999983,2024
0.37,SHORT,RSI+BB,2024-04-30 12:00:00,21316,21331,-3.5199999999999982,2024
0.39,LONG,RSI+BB,2024-05-02 08:00:00,21334,21341,-3.129999999999998,2024
0.42,SHORT,RSI+BB,2024-05-02 15:00:00,21343,21348,-2.709999999999998,2024
0.43,SHORT,RSI+BB,2024-05-03 16:00:00,21362,21363,-2.279999999999998,2024
-0.44,SHORT,RSI+BB,2024-05-07 17:00:00,21370,21392,-2.719999999999998,2024
-0.2,LONG,RSI+BB,2024-05-09 08:00:00,21401,21411,-2.919999999999998,2024
-0.32,LONG,RSI+BB,2024-05-10 15:00:00,21412,21432,-3.239999999999998,2024
0.33,LONG,RSI+BB,2024-05-13 15:00:00,21434,21446,-2.909999999999998,2024
-0.29,LONG,RSI+BB,2024-05-14 17:00:00,21459,21462,-3.199999999999998,2024
0.33,LONG,RSI+BB,2024-05-15 08:00:00,21463,21467,-2.869999999999998,2024
-0.19,SHORT,RSI+BB,2024-05-15 11:00:00,21469,21470,-3.059999999999998,2024
-0.34,SHORT,RSI+BB,2024-05-16 08:00:00,21474,21481,-3.3999999999999977,2024
-0.7,LONG,RSI+BB,2024-05-22 08:00:00,21497,21537,-4.099999999999998,2024
0.3,LONG,RSI+BB,2024-05-22 10:00:00,21538,21539,-3.799999999999998,2024
-0.03,LONG,RSI+BB,2024-05-23 11:00:00,21553,21554,-3.829999999999998,2024
0.38,LONG,RSI+BB,2024-05-27 14:00:00,21559,21585,-3.449999999999998,2024
0.36,SHORT,RSI+BB,2024-05-28 16:00:00,21586,21601,-3.089999999999998,2024
-0.22,LONG,RSI+BB,2024-05-28 19:00:00,21602,21604,-3.3099999999999983,2024
-0.34,LONG,RSI+BB,2024-05-29 14:00:00,21605,21613,-3.649999999999998,2024
0.33,SHORT,RSI+BB,2024-05-31 10:00:00,21631,21637,-3.319999999999998,2024
-0.16,LONG,RSI+BB,2024-05-31 12:00:00,21638,21639,-3.479999999999998,2024
-0.37,SHORT,RSI+BB,2024-06-04 09:00:00,21658,21664,-3.8499999999999983,2024
-0.36,SHORT,RSI+BB,2024-06-04 16:00:00,21665,21671,-4.209999999999998,2024
-0.39,SHORT,RSI+BB,2024-06-05 14:00:00,21678,21683,-4.599999999999998,2024
0.39,SHORT,RSI+BB,2024-06-06 14:00:00,21686,21697,-4.209999999999998,2024
-1.0,LONG,RSI+BB,2024-06-10 10:00:00,21698,21721,-5.209999999999998,2024
0.4,LONG,RSI+BB,2024-06-11 16:00:00,21722,21741,-4.809999999999998,2024
-1.05,SHORT,RSI+BB,2024-06-12 14:00:00,21742,21753,-5.859999999999998,2024
-0.26,SHORT,RSI+BB,2024-06-12 17:00:00,21754,21756,-6.119999999999997,2024
-0.04,SHORT,RSI+BB,2024-06-12 19:00:00,21757,21758,-6.1599999999999975,2024
-0.43,SHORT,RSI+BB,2024-06-13 17:00:00,21768,21770,-6.589999999999997,2024
-0.45,SHORT,RSI+BB,2024-06-14 08:00:00,21771,21775,-7.039999999999997,2024
-0.47,SHORT,RSI+BB,2024-06-14 11:00:00,21776,21778,-7.509999999999997,2024
0.48,SHORT,RSI+BB,2024-06-17 13:00:00,21779,21794,-7.029999999999998,2024
0.48,LONG,RSI+BB,2024-06-18 14:00:00,21795,21809,-6.549999999999997,2024
0.42,SHORT,RSI+BB,2024-06-19 13:00:00,21818,21822,-6.129999999999997,2024
0.37,LONG,RSI+BB,2024-06-21 08:00:00,21834,21845,-5.759999999999997,2024
0.38,SHORT,RSI+BB,2024-06-21 16:00:00,21847,21853,-5.379999999999997,2024
0.37,LONG,RSI+BB,2024-06-25 12:00:00,21863,21877,-5.009999999999997,2024
0.34,SHORT,RSI+BB,2024-06-26 08:00:00,21878,21887,-4.669999999999997,2024
-0.33,LONG,RSI+BB,2024-06-27 08:00:00,21890,21901,-4.999999999999997,2024
0.31,LONG,RSI+BB,2024-06-27 14:00:00,21903,21907,-4.689999999999998,2024
-0.21,LONG,RSI+BB,2024-06-28 16:00:00,21918,21923,-4.899999999999998,2024
-0.03,LONG,RSI+BB,2024-06-28 18:00:00,21924,21925,-4.929999999999998,2024
-0.34,LONG,RSI+BB,2024-07-01 08:00:00,21926,21929,-5.269999999999998,2024
-0.36,LONG,RSI+BB,2024-07-01 10:00:00,21930,21931,-5.629999999999998,2024
-0.38,LONG,RSI+BB,2024-07-01 20:00:00,21932,21941,-6.009999999999998,2024
0.36,SHORT,RSI+BB,2024-07-04 11:00:00,21966,21974,-5.649999999999998,2024
-0.21,SHORT,RSI+BB,2024-07-05 16:00:00,21992,21993,-5.859999999999998,2024
-0.0,SHORT,RSI+BB,2024-07-05 18:00:00,21994,21995,-5.859999999999998,2024
0.31,LONG,RSI+BB,2024-07-10 11:00:00,22015,22030,-5.549999999999998,2024
0.29,SHORT,RSI+BB,2024-07-11 08:00:00,22032,22041,-5.259999999999998,2024
0.28,LONG,RSI+BB,2024-07-11 14:00:00,22044,22047,-4.979999999999998,2024
0.34,SHORT,RSI+BB,2024-07-12 14:00:00,22048,22061,-4.639999999999998,2024
0.32,SHORT,RSI+BB,2024-07-15 13:00:00,22071,22074,-4.319999999999998,2024
-0.32,SHORT,RSI+BB,2024-07-16 13:00:00,22084,22088,-4.639999999999998,2024
0.32,SHORT,RSI+BB,2024-07-18 14:00:00,22089,22117,-4.319999999999998,2024
-0.3,LONG,RSI+BB,2024-07-22 17:00:00,22127,22134,-4.619999999999997,2024
0.31,LONG,RSI+BB,2024-07-23 11:00:00,22135,22142,-4.309999999999998,2024
0.29,SHORT,RSI+BB,2024-07-24 19:00:00,22154,22164,-4.019999999999998,2024
0.32,LONG,RSI+BB,2024-07-25 09:00:00,22165,22168,-3.699999999999998,2024
-0.11,SHORT,RSI+BB,2024-07-29 08:00:00,22189,22195,-3.809999999999998,2024
-0.36,SHORT,RSI+BB,2024-07-30 18:00:00,22198,22219,-4.169999999999998,2024
-0.33,SHORT,RSI+BB,2024-07-31 18:00:00,22220,22233,-4.499999999999998,2024
-0.34,LONG,RSI+BB,2024-09-02 09:00:00,22540,22545,-4.839999999999998,2024
-0.67,SHORT,RSI+BB,2024-09-04 08:00:00,22565,22572,-5.509999999999998,2024
-0.32,SHORT,RSI+BB,2024-09-04 16:00:00,22574,22580,-5.829999999999998,2024
0.35,LONG,RSI+BB,2024-09-06 08:00:00,22588,22600,-5.479999999999999,2024
-0.35,SHORT,RSI+BB,2024-09-11 08:00:00,22637,22642,-5.829999999999998,2024
0.35,SHORT,RSI+BB,2024-09-11 14:00:00,22643,22648,-5.479999999999999,2024
0.4,LONG,RSI+BB,2024-09-13 10:00:00,22665,22672,-5.079999999999998,2024
0.35,SHORT,RSI+BB,2024-09-17 19:00:00,22691,22706,-4.729999999999999,2024
-0.32,LONG,RSI+BB,2024-09-18 21:00:00,22712,22722,-5.049999999999999,2024
0.31,LONG,RSI+BB,2024-09-19 14:00:00,22723,22729,-4.739999999999999,2024
0.34,LONG,RSI+BB,2024-09-19 16:00:00,22730,22731,-4.3999999999999995,2024
0.34,SHORT,RSI+BB,2024-09-23 16:00:00,22753,22759,-4.06,2024
0.36,LONG,RSI+BB,2024-09-26 14:00:00,22783,22799,-3.6999999999999997,2024
0.39,SHORT,RSI+BB,2024-09-27 12:00:00,22809,22811,-3.3099999999999996,2024
0.37,LONG,RSI+BB,2024-09-30 15:00:00,22823,22828,-2.9399999999999995,2024
-0.41,SHORT,RSI+BB,2024-10-01 12:00:00,22837,22839,-3.3499999999999996,2024
-0.41,SHORT,RSI+BB,2024-10-01 15:00:00,22840,22842,-3.76,2024
0.42,SHORT,RSI+BB,2024-10-02 09:00:00,22843,22850,-3.34,2024
-0.72,LONG,RSI+BB,2024-10-03 12:00:00,22851,22867,-4.06,2024
-0.36,LONG,RSI+BB,2024-10-07 10:00:00,22884,22893,-4.42,2024
0.31,LONG,RSI+BB,2024-10-09 08:00:00,22913,22919,-4.11,2024
0.3,SHORT,RSI+BB,2024-10-09 17:00:00,22920,22928,-3.8100000000000005,2024
-0.28,LONG,RSI+BB,2024-10-10 14:00:00,22930,22939,-4.090000000000001,2024
-0.08,LONG,RSI+BB,2024-10-11 13:00:00,22951,22952,-4.170000000000001,2024
0.28,LONG,RSI+BB,2024-10-14 21:00:00,22969,22974,-3.8900000000000006,2024
-0.28,SHORT,RSI+BB,2024-10-16 08:00:00,22976,22989,-4.170000000000001,2024
0.29,SHORT,RSI+BB,2024-10-17 10:00:00,22990,23005,-3.880000000000001,2024
0.3,LONG,RSI+BB,2024-10-18 11:00:00,23018,23020,-3.580000000000001,2024
0.31,SHORT,RSI+BB,2024-10-21 10:00:00,23021,23033,-3.270000000000001,2024
-0.3,LONG,RSI+BB,2024-10-21 13:00:00,23034,23036,-3.5700000000000007,2024
-0.3,LONG,RSI+BB,2024-10-22 08:00:00,23037,23045,-3.8700000000000006,2024
0.28,LONG,RSI+BB,2024-10-22 15:00:00,23046,23052,-3.5900000000000007,2024
0.31,LONG,RSI+BB,2024-10-24 08:00:00,23067,23073,-3.2800000000000007,2024
-0.31,SHORT,RSI+BB,2024-10-24 14:00:00,23074,23079,-3.5900000000000007,2024
-0.4,LONG,RSI+BB,2024-10-28 08:00:00,23096,23101,-3.9900000000000007,2024
0.34,LONG,RSI+BB,2024-10-28 10:00:00,23102,23103,-3.650000000000001,2024
-0.14,LONG,RSI+BB,2024-10-29 16:00:00,23117,23123,-3.790000000000001,2024
0.34,SHORT,RSI+BB,2024-10-30 10:00:00,23129,23131,-3.450000000000001,2024
-0.43,LONG,RSI+BB,2024-10-30 18:00:00,23137,23139,-3.8800000000000012,2024
-0.43,LONG,RSI+BB,2024-10-31 14:00:00,23140,23149,-4.310000000000001,2024
0.44,LONG,RSI+BB,2024-10-31 17:00:00,23150,23152,-3.8700000000000014,2024
0.46,SHORT,RSI+BB,2024-11-01 16:00:00,23163,23165,-3.4100000000000015,2024
-0.03,LONG,RSI+BB,2024-11-05 13:00:00,23189,23190,-3.4400000000000013,2024
0.39,LONG,RSI+BB,2024-11-05 20:00:00,23191,23197,-3.050000000000001,2024
0.43,SHORT,RSI+BB,2024-11-06 12:00:00,23200,23203,-2.620000000000001,2024
0.52,LONG,RSI+BB,2024-11-08 08:00:00,23215,23227,-2.100000000000001,2024
-0.52,SHORT,RSI+BB,2024-11-11 08:00:00,23229,23241,-2.620000000000001,2024
0.46,SHORT,RSI+BB,2024-11-12 17:00:00,23259,23264,-2.160000000000001,2024
-0.46,LONG,RSI+BB,2024-11-13 08:00:00,23265,23269,-2.620000000000001,2024
0.47,LONG,RSI+BB,2024-11-14 12:00:00,23280,23287,-2.1500000000000012,2024
0.45,SHORT,RSI+BB,2024-11-15 15:00:00,23294,23304,-1.7000000000000013,2024
0.47,LONG,RSI+BB,2024-11-15 18:00:00,23305,23307,-1.2300000000000013,2024
-0.11,LONG,RSI+BB,2024-11-18 11:00:00,23313,23314,-1.3400000000000014,2024
0.46,LONG,RSI+BB,2024-11-19 08:00:00,23315,23325,-0.8800000000000014,2024
-0.04,SHORT,RSI+BB,2024-11-19 11:00:00,23327,23328,-0.9200000000000015,2024
0.45,LONG,RSI+BB,2024-11-21 10:00:00,23340,23355,-0.47000000000000147,2024
-0.42,SHORT,RSI+BB,2024-11-22 09:00:00,23356,23368,-0.8900000000000015,2024
-0.47,SHORT,RSI+BB,2024-11-25 09:00:00,23369,23382,-1.3600000000000014,2024
-0.46,SHORT,RSI+BB,2024-11-27 08:00:00,23389,23409,-1.8200000000000014,2024
0.4,SHORT,RSI+BB,2024-11-27 10:00:00,23410,23411,-1.4200000000000013,2024
-0.43,SHORT,RSI+BB,2024-11-29 08:00:00,23412,23437,-1.8500000000000012,2024
-0.35,SHORT,RSI+BB,2024-11-29 18:00:00,23438,23447,-2.200000000000001,2024
-0.34,SHORT,RSI+BB,2024-12-02 17:00:00,23452,23460,-2.540000000000001,2024
0.34,LONG,RSI+BB,2024-12-04 17:00:00,23485,23488,-2.200000000000001,2024
0.43,SHORT,RSI+BB,2024-12-05 14:00:00,23494,23499,-1.7700000000000011,2024
-0.03,LONG,RSI+BB,2024-12-10 08:00:00,23531,23535,-1.8000000000000012,2024
0.36,LONG,RSI+BB,2024-12-10 15:00:00,23536,23542,-1.4400000000000013,2024
-0.38,LONG,RSI+BB,2024-12-12 15:00:00,23561,23570,-1.8200000000000012,2024
-0.41,LONG,RSI+BB,2024-12-12 19:00:00,23571,23574,-2.2300000000000013,2024
-0.41,LONG,RSI+BB,2024-12-13 17:00:00,23575,23586,-2.6400000000000015,2024
0.33,SHORT,RSI+BB,2024-12-18 10:00:00,23613,23621,-2.3100000000000014,2024
-0.32,LONG,RSI+BB,2024-12-19 08:00:00,23632,23633,-2.6300000000000012,2024
-0.33,LONG,RSI+BB,2024-12-19 15:00:00,23634,23640,-2.9600000000000013,2024
0.35,LONG,RSI+BB,2024-12-20 14:00:00,23641,23653,-2.610000000000001,2024
0.35,SHORT,RSI+BB,2024-12-23 08:00:00,23654,23661,-2.260000000000001,2024
-0.07,LONG,RSI+BB,2024-12-23 17:00:00,23662,23670,-2.330000000000001,2024
-0.32,LONG,RSI+BB,2024-12-27 10:00:00,23676,23677,-2.650000000000001,2024
0.33,LONG,RSI+BB,2024-12-30 16:00:00,23678,23697,-2.3200000000000007,2024
0.3,SHORT,RSI+BB,2025-01-02 18:00:00,23698,23713,-2.020000000000001,2025
-0.34,LONG,RSI+BB,2025-01-07 17:00:00,23734,23754,-2.3600000000000008,2025
-0.34,LONG,RSI+BB,2025-01-08 13:00:00,23755,23764,-2.7000000000000006,2025
-0.32,LONG,RSI+BB,2025-01-10 08:00:00,23765,23787,-3.0200000000000005,2025
-0.32,LONG,RSI+BB,2025-01-10 14:00:00,23788,23793,-3.3400000000000003,2025
-0.33,LONG,RSI+BB,2025-01-13 09:00:00,23794,23802,-3.6700000000000004,2025
0.33,LONG,RSI+BB,2025-01-13 13:00:00,23803,23806,-3.3400000000000003,2025
0.31,SHORT,RSI+BB,2025-01-14 10:00:00,23816,23817,-3.0300000000000002,2025
0.32,LONG,RSI+BB,2025-01-15 14:00:00,23823,23835,-2.7100000000000004,2025
-0.33,SHORT,RSI+BB,2025-01-16 19:00:00,23836,23854,-3.0400000000000005,2025
0.29,LONG,RSI+BB,2025-01-22 09:00:00,23877,23899,-2.7500000000000004,2025
0.29,SHORT,RSI+BB,2025-01-22 17:00:00,23900,23907,-2.4600000000000004,2025
-0.31,LONG,RSI+BB,2025-01-24 15:00:00,23928,23933,-2.7700000000000005,2025
0.33,LONG,RSI+BB,2025-01-27 08:00:00,23934,23940,-2.4400000000000004,2025
-0.34,SHORT,RSI+BB,2025-01-27 13:00:00,23941,23945,-2.7800000000000002,2025
0.34,LONG,RSI+BB,2025-01-30 11:00:00,23957,23985,-2.4400000000000004,2025
-0.34,SHORT,RSI+BB,2025-02-03 08:00:00,23999,24010,-2.7800000000000002,2025
-0.36,SHORT,RSI+BB,2025-02-03 10:00:00,24011,24012,-3.14,2025
0.38,SHORT,RSI+BB,2025-02-04 08:00:00,24013,24024,-2.7600000000000002,2025
0.37,SHORT,RSI+BB,2025-02-07 14:00:00,24040,24072,-2.39,2025
0.34,LONG,RSI+BB,2025-02-07 18:00:00,24073,24076,-2.0500000000000003,2025
-0.3,LONG,RSI+BB,2025-02-11 13:00:00,24095,24099,-2.35,2025
-0.29,LONG,RSI+BB,2025-02-12 08:00:00,24100,24108,-2.64,2025
-0.02,LONG,RSI+BB,2025-02-12 11:00:00,24110,24111,-2.66,2025
0.29,LONG,RSI+BB,2025-02-13 12:00:00,24115,24126,-2.37,2025
0.28,SHORT,RSI+BB,2025-02-17 08:00:00,24127,24150,-2.09,2025
-0.31,LONG,RSI+BB,2025-02-18 08:00:00,24151,24164,-2.4,2025
0.28,LONG,RSI+BB,2025-02-18 16:00:00,24165,24172,-2.12,2025
-0.01,LONG,RSI+BB,2025-02-19 11:00:00,24180,24181,-2.13,2025
-0.27,LONG,RSI+BB,2025-02-19 19:00:00,24183,24189,-2.4,2025
-0.18,SHORT,RSI+BB,2025-02-21 13:00:00,24208,24211,-2.58,2025
0.33,LONG,RSI+BB,2025-02-25 08:00:00,24233,24234,-2.25,2025
-0.35,SHORT,RSI+BB,2025-02-28 08:00:00,24250,24276,-2.6,2025
0.34,SHORT,RSI+BB,2025-02-28 14:00:00,24277,24282,-2.2600000000000002,2025
0.35,LONG,RSI+BB,2025-02-28 19:00:00,24286,24287,-1.9100000000000001,2025
-0.27,LONG,RSI+BB,2025-03-03 11:00:00,24291,24293,-2.18,2025
-0.4,LONG,RSI+BB,2025-03-03 14:00:00,24294,24296,-2.58,2025
0.41,LONG,RSI+BB,2025-03-03 20:00:00,24297,24302,-2.17,2025
0.4,SHORT,RSI+BB,2025-03-04 15:00:00,24304,24311,-1.77,2025
-0.52,LONG,RSI+BB,2025-03-05 08:00:00,24316,24318,-2.29,2025
-0.64,LONG,RSI+BB,2025-03-05 15:00:00,24319,24325,-2.93,2025
0.7,LONG,RSI+BB,2025-03-06 12:00:00,24333,24336,-2.2300000000000004,2025
0.69,SHORT,RSI+BB,2025-03-07 16:00:00,24353,24354,-1.5400000000000005,2025
-0.22,LONG,RSI+BB,2025-03-11 16:00:00,24376,24382,-1.7600000000000005,2025
0.61,LONG,RSI+BB,2025-03-12 14:00:00,24386,24394,-1.1500000000000004,2025
0.53,LONG,RSI+BB,2025-03-13 16:00:00,24405,24410,-0.6200000000000003,2025
-0.4,LONG,RSI+BB,2025-03-14 11:00:00,24418,24419,-1.0200000000000005,2025
0.5,LONG,RSI+BB,2025-03-14 18:00:00,24420,24426,-0.5200000000000005,2025
-0.46,SHORT,RSI+BB,2025-03-19 08:00:00,24432,24458,-0.9800000000000004,2025
0.4,SHORT,RSI+BB,2025-03-19 14:00:00,24459,24464,-0.5800000000000004,2025
-0.13,SHORT,RSI+BB,2025-03-20 08:00:00,24470,24472,-0.7100000000000004,2025
-0.34,LONG,RSI+BB,2025-03-25 12:00:00,24501,24518,-1.0500000000000005,2025
0.32,LONG,RSI+BB,2025-03-25 16:00:00,24519,24522,-0.7300000000000004,2025
-0.02,SHORT,RSI+BB,2025-03-27 08:00:00,24539,24542,-0.7500000000000004,2025
-0.32,SHORT,RSI+BB,2025-03-28 08:00:00,24543,24556,-1.0700000000000005,2025
0.36,SHORT,RSI+BB,2025-03-28 14:00:00,24557,24562,-0.7100000000000005,2025
0.37,SHORT,RSI+BB,2025-03-31 16:00:00,24571,24578,-0.3400000000000005,2025
-0.06,LONG,RSI+BB,2025-03-31 19:00:00,24580,24581,-0.4000000000000005,2025
0.34,SHORT,RSI+BB,2025-04-02 16:00:00,24603,24606,-0.0600000000000005,2025
0.36,LONG,RSI+BB,2025-04-03 08:00:00,24607,24612,0.2999999999999995,2025
-0.41,SHORT,RSI+BB,2025-04-04 08:00:00,24613,24626,-0.11000000000000049,2025
-0.44,SHORT,RSI+BB,2025-04-04 10:00:00,24627,24628,-0.5500000000000005,2025
-0.45,SHORT,RSI+BB,2025-04-04 12:00:00,24629,24630,-1.0000000000000004,2025
0.48,SHORT,RSI+BB,2025-04-04 15:00:00,24631,24633,-0.5200000000000005,2025
0.59,SHORT,RSI+BB,2025-04-07 14:00:00,24641,24646,0.06999999999999951,2025
0.82,SHORT,RSI+BB,2025-04-09 19:00:00,24677,24679,0.8899999999999995,2025
0.88,LONG,RSI+BB,2025-04-10 13:00:00,24680,24687,1.7699999999999996,2025
0.79,SHORT,RSI+BB,2025-04-11 19:00:00,24703,24707,2.5599999999999996,2025
-0.25,SHORT,RSI+BB,2025-04-17 15:00:00,24739,24759,2.3099999999999996,2025
0.48,SHORT,RSI+BB,2025-04-23 15:00:00,24761,24787,2.7899999999999996,2025
0.4,LONG,RSI+BB,2025-04-24 10:00:00,24788,24796,3.1899999999999995,2025
-0.18,SHORT,RSI+BB,2025-04-24 14:00:00,24797,24800,3.0099999999999993,2025
-0.31,LONG,RSI+BB,2025-04-28 14:00:00,24823,24828,2.6999999999999993,2025
0.3,LONG,RSI+BB,2025-04-29 08:00:00,24829,24836,2.999999999999999,2025
0.32,SHORT,RSI+BB,2025-05-02 08:00:00,24852,24864,3.319999999999999,2025
-0.27,LONG,RSI+BB,2025-05-02 16:00:00,24865,24872,3.049999999999999,2025
-0.34,LONG,RSI+BB,2025-05-05 08:00:00,24873,24878,2.709999999999999,2025
-0.32,SHORT,RSI+BB,2025-05-07 16:00:00,24910,24914,2.3899999999999992,2025
0.31,SHORT,RSI+BB,2025-05-08 16:00:00,24915,24928,2.6999999999999993,2025
-0.31,LONG,RSI+BB,2025-05-09 08:00:00,24930,24934,2.3899999999999992,2025
-0.31,LONG,RSI+BB,2025-05-12 10:00:00,24949,24950,2.079999999999999,2025
-0.32,LONG,RSI+BB,2025-05-12 18:00:00,24951,24958,1.7599999999999991,2025
-0.32,LONG,RSI+BB,2025-05-14 17:00:00,24959,24985,1.439999999999999,2025
0.29,LONG,RSI+BB,2025-05-15 12:00:00,24986,24994,1.729999999999999,2025
-0.29,SHORT,RSI+BB,2025-05-16 08:00:00,24998,25004,1.439999999999999,2025
0.28,SHORT,RSI+BB,2025-05-19 09:00:00,25005,25019,1.719999999999999,2025
0.28,LONG,RSI+BB,2025-05-19 16:00:00,25020,25026,1.9999999999999991,2025
-0.34,LONG,RSI+BB,2025-05-21 10:00:00,25040,25048,1.659999999999999,2025
0.33,LONG,RSI+BB,2025-05-23 08:00:00,25049,25074,1.989999999999999,2025
-0.31,SHORT,RSI+BB,2025-05-23 13:00:00,25075,25079,1.679999999999999,2025
0.36,SHORT,RSI+BB,2025-05-26 08:00:00,25080,25088,2.039999999999999,2025
0.37,LONG,RSI+BB,2025-05-26 16:00:00,25089,25096,2.4099999999999993,2025
0.31,SHORT,RSI+BB,2025-05-28 08:00:00,25103,25116,2.7199999999999993,2025
-0.29,LONG,RSI+BB,2025-05-29 08:00:00,25119,25130,2.4299999999999993,2025
0.3,LONG,RSI+BB,2025-05-29 13:00:00,25131,25135,2.729999999999999,2025
0.31,SHORT,RSI+BB,2025-06-02 09:00:00,25146,25159,3.039999999999999,2025
0.31,LONG,RSI+BB,2025-06-02 16:00:00,25160,25166,3.349999999999999,2025
0.31,SHORT,RSI+BB,2025-06-03 17:00:00,25173,25181,3.6599999999999993,2025
0.32,LONG,RSI+BB,2025-06-05 14:00:00,25182,25206,3.979999999999999,2025
-0.38,LONG,RSI+BB,2025-06-05 17:00:00,25208,25209,3.599999999999999,2025
0.39,LONG,RSI+BB,2025-06-06 09:00:00,25210,25215,3.9899999999999993,2025
0.37,SHORT,RSI+BB,2025-06-09 13:00:00,25230,25233,4.359999999999999,2025
0.3,LONG,RSI+BB,2025-06-12 08:00:00,25258,25270,4.659999999999999,2025
-0.33,SHORT,RSI+BB,2025-06-12 14:00:00,25271,25276,4.329999999999999,2025
0.35,SHORT,RSI+BB,2025-06-13 10:00:00,25285,25286,4.679999999999999,2025
-0.33,LONG,RSI+BB,2025-06-16 08:00:00,25293,25298,4.349999999999999,2025
0.38,SHORT,RSI+BB,2025-06-18 08:00:00,25318,25326,4.729999999999999,2025
0.35,SHORT,RSI+BB,2025-06-19 09:00:00,25335,25341,5.079999999999998,2025
0.31,SHORT,RSI+BB,2025-06-20 10:00:00,25355,25356,5.389999999999998,2025
0.33,LONG,RSI+BB,2025-06-23 11:00:00,25369,25371,5.719999999999998,2025
0.37,LONG,RSI+BB,2025-06-24 17:00:00,25386,25391,6.089999999999998,2025
0.36,SHORT,RSI+BB,2025-06-25 11:00:00,25398,25399,6.449999999999998,2025
0.33,SHORT,RSI+BB,2025-06-27 09:00:00,25411,25425,6.7799999999999985,2025
0.32,LONG,RSI+BB,2025-07-01 09:00:00,25430,25453,7.099999999999999,2025
0.32,SHORT,RSI+BB,2025-07-02 08:00:00,25454,25466,7.419999999999999,2025
0.31,LONG,RSI+BB,2025-07-03 10:00:00,25473,25482,7.729999999999999,2025
0.29,SHORT,RSI+BB,2025-07-07 09:00:00,25495,25509,8.019999999999998,2025
-0.27,LONG,RSI+BB,2025-07-08 08:00:00,25510,25522,7.749999999999998,2025
-0.28,LONG,RSI+BB,2025-07-08 10:00:00,25523,25524,7.469999999999998,2025
0.28,LONG,RSI+BB,2025-07-09 09:00:00,25525,25537,7.749999999999998,2025
0.25,SHORT,RSI+BB,2025-07-10 11:00:00,25548,25553,7.999999999999998,2025
-0.27,LONG,RSI+BB,2025-07-11 10:00:00,25558,25566,7.729999999999999,2025
0.27,LONG,RSI+BB,2025-07-15 09:00:00,25567,25593,7.999999999999998,2025
0.26,SHORT,RSI+BB,2025-07-16 09:00:00,25594,25607,8.259999999999998,2025
-0.18,SHORT,RSI+BB,2025-07-21 08:00:00,25645,25648,8.079999999999998,2025
-0.25,SHORT,RSI+BB,2025-07-21 12:00:00,25649,25652,7.829999999999998,2025
-0.25,SHORT,RSI+BB,2025-07-22 13:00:00,25653,25667,7.579999999999998,2025
0.25,SHORT,RSI+BB,2025-07-23 08:00:00,25670,25676,7.829999999999998,2025
-0.25,LONG,RSI+BB,2025-07-23 19:00:00,25686,25687,7.579999999999998,2025
-0.27,LONG,RSI+BB,2025-07-24 15:00:00,25688,25697,7.309999999999999,2025
-0.3,LONG,RSI+BB,2025-07-25 08:00:00,25698,25704,7.009999999999999,2025
-0.29,LONG,RSI+BB,2025-07-25 10:00:00,25705,25706,6.719999999999999,2025
0.31,LONG,RSI+BB,2025-07-25 15:00:00,25707,25711,7.0299999999999985,2025
0.3,LONG,RSI+BB,2025-07-30 08:00:00,25734,25746,7.329999999999998,2025
0.32,LONG,RSI+BB,2025-07-31 08:00:00,25754,25760,7.649999999999999,2025
0.32,SHORT,RSI+BB,2025-08-01 08:00:00,25761,25774,7.969999999999999,2025
0.3,LONG,RSI+BB,2025-08-01 14:00:00,25775,25780,8.27,2025
0.34,SHORT,RSI+BB,2025-08-01 17:00:00,25782,25783,8.61,2025
0.35,LONG,RSI+BB,2025-08-04 12:00:00,25790,25792,8.959999999999999,2025
0.33,SHORT,RSI+BB,2025-08-05 11:00:00,25804,25805,9.29,2025
0.28,SHORT,RSI+BB,2025-08-07 12:00:00,25833,25834,9.569999999999999,2025
-0.07,LONG,RSI+BB,2025-08-08 14:00:00,25847,25850,9.499999999999998,2025
-0.28,LONG,RSI+BB,2025-08-11 12:00:00,25851,25862,9.219999999999999,2025
-0.0,LONG,RSI+BB,2025-08-12 11:00:00,25874,25875,9.219999999999999,2025
-0.25,LONG,RSI+BB,2025-08-12 15:00:00,25877,25879,8.969999999999999,2025
0.26,LONG,RSI+BB,2025-08-13 09:00:00,25880,25887,9.229999999999999,2025
-0.45,SHORT,RSI+BB,2025-08-14 09:00:00,25889,25901,8.78,2025
-0.06,SHORT,RSI+BB,2025-08-14 11:00:00,25902,25903,8.719999999999999,2025
-0.68,LONG,RSI+BB,2025-08-15 14:00:00,25907,25920,8.04,2025
-0.03,LONG,RSI+BB,2025-08-15 16:00:00,25921,25922,8.01,2025
0.26,SHORT,RSI+BB,2025-08-18 16:00:00,25930,25936,8.27,2025
0.26,SHORT,RSI+BB,2025-08-21 13:00:00,25959,25975,8.53,2025
0.28,LONG,RSI+BB,2025-08-22 15:00:00,25976,25991,8.809999999999999,2025
0.25,SHORT,RSI+BB,2025-08-25 12:00:00,25992,26002,9.059999999999999,2025
-0.25,SHORT,RSI+BB,2025-08-27 17:00:00,26028,26035,8.809999999999999,2025
-0.26,LONG,RSI+BB,2025-09-01 08:00:00,26045,26068,8.549999999999999,2025
-0.25,LONG,RSI+BB,2025-09-02 08:00:00,26069,26082,8.299999999999999,2025
-0.24,LONG,RSI+BB,2025-09-02 13:00:00,26083,26087,8.059999999999999,2025
0.24,SHORT,RSI+BB,2025-09-05 08:00:00,26100,26124,8.299999999999999,2025
0.27,LONG,RSI+BB,2025-09-05 15:00:00,26125,26131,8.569999999999999,2025
-0.26,SHORT,RSI+BB,2025-09-10 09:00:00,26140,26167,8.309999999999999,2025
-0.01,SHORT,RSI+BB,2025-09-10 21:00:00,26178,26179,8.299999999999999,2025
-0.26,LONG,RSI+BB,2025-09-12 14:00:00,26197,26200,8.04,2025
0.27,LONG,RSI+BB,2025-09-16 09:00:00,26201,26223,8.309999999999999,2025
0.22,SHORT,RSI+BB,2025-09-16 12:00:00,26224,26226,8.53,2025
0.23,LONG,RSI+BB,2025-09-16 16:00:00,26229,26230,8.76,2025
-0.32,LONG,RSI+BB,2025-09-18 15:00:00,26249,26257,8.44,2025
-0.08,LONG,RSI+BB,2025-09-18 17:00:00,26258,26259,8.36,2025
-0.27,LONG,RSI+BB,2025-09-19 09:00:00,26260,26265,8.09,2025
0.08,LONG,RSI+BB,2025-09-24 08:00:00,26266,26306,8.17,2025
0.21,LONG,RSI+BB,2025-09-26 14:00:00,26326,26340,8.38,2025
-0.07,SHORT,RSI+BB,2025-09-26 16:00:00,26341,26342,8.31,2025
-0.1,SHORT,RSI+BB,2025-09-29 08:00:00,26343,26348,8.21,2025
-0.23,SHORT,RSI+BB,2025-09-30 08:00:00,26350,26362,7.98,2025
-0.1,LONG,RSI+BB,2025-10-01 08:00:00,26367,26376,7.880000000000001,2025
0.21,LONG,RSI+BB,2025-10-01 12:00:00,26377,26380,8.090000000000002,2025
0.23,SHORT,RSI+BB,2025-10-06 08:00:00,26401,26418,8.320000000000002,2025
0.2,LONG,RSI+BB,2025-10-06 10:00:00,26419,26420,8.520000000000001,2025
0.23,LONG,RSI+BB,2025-10-08 08:00:00,26421,26446,8.750000000000002,2025
-0.2,SHORT,RSI+BB,2025-10-08 12:00:00,26447,26450,8.550000000000002,2025
0.22,SHORT,RSI+BB,2025-10-09 11:00:00,26451,26463,8.770000000000003,2025
0.21,LONG,RSI+BB,2025-10-10 11:00:00,26468,26477,8.980000000000004,2025
-0.21,SHORT,RSI+BB,2025-10-13 14:00:00,26484,26494,8.770000000000003,2025
-0.2,SHORT,RSI+BB,2025-10-15 09:00:00,26503,26517,8.570000000000004,2025
-0.22,SHORT,RSI+BB,2025-10-16 18:00:00,26524,26540,8.350000000000003,2025
-0.24,SHORT,RSI+BB,2025-10-17 08:00:00,26541,26544,8.110000000000003,2025
0.25,SHORT,RSI+BB,2025-10-17 10:00:00,26545,26546,8.360000000000003,2025
-0.21,LONG,RSI+BB,2025-10-20 08:00:00,26550,26558,8.150000000000002,2025
0.23,SHORT,RSI+BB,2025-10-23 18:00:00,26573,26610,8.380000000000003,2025
-0.21,LONG,RSI+BB,2025-10-24 15:00:00,26616,26621,8.170000000000002,2025
0.22,LONG,RSI+BB,2025-10-28 09:00:00,26622,26643,8.390000000000002,2025
0.19,SHORT,RSI+BB,2025-10-28 17:00:00,26644,26651,8.580000000000002,2025
-0.18,LONG,RSI+BB,2025-10-29 20:00:00,26659,26668,8.400000000000002,2025
0.19,LONG,RSI+BB,2025-10-30 16:00:00,26669,26678,8.590000000000002,2025
0.2,LONG,RSI+BB,2025-11-04 08:00:00,26708,26712,8.790000000000001,2025
0.18,SHORT,RSI+BB,2025-11-05 15:00:00,26727,26733,8.97,2025
-0.03,LONG,RSI+BB,2025-11-05 18:00:00,26735,26736,8.940000000000001,2025
0.18,LONG,RSI+BB,2025-11-06 15:00:00,26737,26747,9.120000000000001,2025
0.19,LONG,RSI+BB,2025-11-10 10:00:00,26769,26770,9.31,2025
0.17,SHORT,RSI+BB,2025-11-12 09:00:00,26789,26797,9.48,2025
-0.08,LONG,RSI+BB,2025-11-12 12:00:00,26798,26800,9.4,2025
-0.16,LONG,RSI+BB,2025-11-13 15:00:00,26815,26817,9.24,2025
0.19,LONG,RSI+BB,2025-11-14 13:00:00,26826,26829,9.43,2025
0.19,SHORT,RSI+BB,2025-11-18 17:00:00,26853,26861,9.62,2025
0.2,LONG,RSI+BB,2025-11-19 12:00:00,26863,26870,9.819999999999999,2025
-0.08,SHORT,RSI+BB,2025-11-19 15:00:00,26871,26873,9.739999999999998,2025
0.2,LONG,RSI+BB,2025-11-20 17:00:00,26886,26889,9.939999999999998,2025
-0.16,SHORT,RSI+BB,2025-11-21 10:00:00,26895,26896,9.779999999999998,2025
0.22,SHORT,RSI+BB,2025-11-21 17:00:00,26897,26903,9.999999999999998,2025
-0.19,SHORT,RSI+BB,2025-11-26 12:00:00,26927,26940,9.809999999999999,2025
0.2,SHORT,RSI+BB,2025-11-28 09:00:00,26946,26964,10.009999999999998,2025
-0.17,LONG,RSI+BB,2025-12-01 08:00:00,26965,26977,9.839999999999998,2025
-0.17,LONG,RSI+BB,2025-12-01 10:00:00,26978,26979,9.669999999999998,2025
-0.17,LONG,RSI+BB,2025-12-01 14:00:00,26980,26983,9.499999999999998,2025
-0.18,LONG,RSI+BB,2025-12-02 13:00:00,26984,26996,9.319999999999999,2025
0.17,SHORT,RSI+BB,2025-12-04 08:00:00,27012,27019,9.489999999999998,2025
-0.16,LONG,RSI+BB,2025-12-04 14:00:00,27020,27025,9.329999999999998,2025
-0.04,SHORT,RSI+BB,2025-12-05 10:00:00,27033,27034,9.29,2025
-0.06,LONG,RSI+BB,2025-12-05 19:00:00,27042,27043,9.229999999999999,2025
-0.18,LONG,RSI+BB,2025-12-08 12:00:00,27047,27050,9.049999999999999,2025
-0.19,LONG,RSI+BB,2025-12-08 16:00:00,27051,27054,8.86,2025
0.21,LONG,RSI+BB,2025-12-09 10:00:00,27055,27062,9.07,2025
-0.21,LONG,RSI+BB,2025-12-10 10:00:00,27075,27076,8.86,2025
0.23,LONG,RSI+BB,2025-12-10 15:00:00,27077,27081,9.09,2025
0.21,LONG,RSI+BB,2025-12-15 08:00:00,27110,27115,9.3,2025
0.2,SHORT,RSI+BB,2025-12-16 15:00:00,27116,27135,9.5,2025
0.21,SHORT,RSI+BB,2025-12-17 10:00:00,27143,27144,9.71,2025
0.22,LONG,RSI+BB,2025-12-18 16:00:00,27163,27164,9.930000000000001,2025
-0.14,LONG,RSI+BB,2025-12-19 17:00:00,27174,27179,9.790000000000001,2025
-0.21,SHORT,RSI+BB,2025-12-29 08:00:00,27199,27211,9.58,2025
0.22,SHORT,RSI+BB,2026-01-02 08:00:00,27212,27239,9.8,2026
0.21,LONG,RSI+BB,2026-01-02 10:00:00,27240,27241,10.010000000000002,2026
0.22,LONG,RSI+BB,2026-01-05 15:00:00,27249,27260,10.230000000000002,2026
-0.22,SHORT,RSI+BB,2026-01-06 16:00:00,27270,27275,10.010000000000002,2026
-0.22,SHORT,RSI+BB,2026-01-07 10:00:00,27282,27283,9.790000000000001,2026
0.24,SHORT,RSI+BB,2026-01-07 16:00:00,27284,27289,10.030000000000001,2026
0.23,LONG,RSI+BB,2026-01-12 14:00:00,27297,27329,10.260000000000002,2026
0.23,SHORT,RSI+BB,2026-01-13 10:00:00,27330,27339,10.490000000000002,2026
-0.2,SHORT,RSI+BB,2026-01-14 16:00:00,27355,27359,10.290000000000003,2026
0.21,SHORT,RSI+BB,2026-01-16 13:00:00,27360,27384,10.500000000000004,2026
0.2,LONG,RSI+BB,2026-01-19 08:00:00,27385,27393,10.700000000000003,2026
0.21,SHORT,RSI+BB,2026-01-19 15:00:00,27394,27400,10.910000000000004,2026
-0.22,LONG,RSI+BB,2026-01-20 12:00:00,27408,27411,10.690000000000003,2026
0.23,LONG,RSI+BB,2026-01-26 08:00:00,27459,27463,10.920000000000003,2026
-0.23,SHORT,RSI+BB,2026-01-29 11:00:00,27468,27508,10.690000000000003,2026
-0.19,SHORT,RSI+BB,2026-01-29 16:00:00,27510,27513,10.500000000000004,2026
0.21,SHORT,RSI+BB,2026-01-30 08:00:00,27514,27519,10.710000000000004,2026
-0.01,LONG,RSI+BB,2026-02-02 13:00:00,27537,27538,10.700000000000005,2026
-0.19,LONG,RSI+BB,2026-02-03 08:00:00,27541,27547,10.510000000000005,2026
0.19,LONG,RSI+BB,2026-02-04 09:00:00,27550,27562,10.700000000000005,2026
-0.34,SHORT,RSI+BB,2026-02-05 17:00:00,27568,27584,10.360000000000005,2026
-0.21,SHORT,RSI+BB,2026-02-06 08:00:00,27585,27589,10.150000000000004,2026
0.21,SHORT,RSI+BB,2026-02-06 15:00:00,27590,27596,10.360000000000005,2026
0.19,LONG,RSI+BB,2026-02-09 15:00:00,27605,27610,10.550000000000004,2026
-0.18,SHORT,RSI+BB,2026-02-11 08:00:00,27624,27631,10.370000000000005,2026
-0.18,SHORT,RSI+BB,2026-02-12 19:00:00,27653,27656,10.190000000000005,2026
-0.18,SHORT,RSI+BB,2026-02-13 15:00:00,27657,27666,10.010000000000005,2026
0.2,SHORT,RSI+BB,2026-02-13 17:00:00,27667,27668,10.210000000000004,2026
0.19,SHORT,RSI+BB,2026-02-18 08:00:00,27687,27700,10.400000000000004,2026
-0.11,LONG,RSI+BB,2026-02-19 08:00:00,27701,27714,10.290000000000004,2026
0.17,LONG,RSI+BB,2026-02-19 15:00:00,27715,27721,10.460000000000004,2026
-0.16,SHORT,RSI+BB,2026-02-23 18:00:00,27750,27752,10.300000000000004,2026
-0.16,SHORT,RSI+BB,2026-02-26 15:00:00,27753,27791,10.140000000000004,2026
-0.14,SHORT,RSI+BB,2026-02-27 08:00:00,27792,27798,10.000000000000004,2026
-0.15,SHORT,RSI+BB,2026-02-27 15:00:00,27802,27805,9.850000000000003,2026
-0.15,SHORT,RSI+BB,2026-02-27 17:00:00,27806,27807,9.700000000000003,2026
